# Blender 3.4.1
# www.blender.org
mtllib roadclosing_final.mtl
o Куб
v 0.130198 12.480497 7.368538
v 0.169552 12.480497 7.333862
v 0.130198 12.480497 6.577846
v 0.169552 12.480497 6.612522
v 0.185853 12.905435 7.132359
v 0.130198 12.980265 7.147945
v 0.169552 12.958347 7.143380
v 0.185853 12.830984 7.250148
v 0.130198 12.840836 7.368538
v 0.169552 12.837950 7.333862
v 0.185853 12.894494 7.196958
v 0.130198 12.961584 7.258242
v 0.169552 12.941934 7.240292
v 0.185853 12.871815 7.232838
v 0.130198 12.910550 7.338984
v 0.169552 12.899205 7.307895
v 0.185853 12.830984 6.696237
v 0.130198 12.840836 6.577846
v 0.169552 12.837950 6.612522
v 0.185853 12.905435 6.814026
v 0.130198 12.980265 6.798440
v 0.169552 12.958347 6.803005
v 0.185853 12.871815 6.713546
v 0.130198 12.910550 6.607400
v 0.169552 12.899205 6.638490
v 0.185853 12.894494 6.749426
v 0.130198 12.961584 6.688143
v 0.169552 12.941934 6.706092
v -0.119695 12.480497 7.368538
v -0.166476 12.480497 7.327319
v -0.119695 12.480497 6.577846
v -0.166476 12.480497 6.619066
v -0.185853 12.829124 7.227806
v -0.119695 12.840836 7.368538
v -0.166476 12.837405 7.327319
v -0.119695 12.980265 7.147945
v -0.185853 12.891314 7.129417
v -0.166476 12.954211 7.142518
v -0.185853 12.864506 7.212808
v -0.119695 12.910550 7.338984
v -0.166476 12.897064 7.302028
v -0.185853 12.881833 7.185393
v -0.119695 12.961584 7.258242
v -0.166476 12.938226 7.236905
v -0.185853 12.891314 6.816967
v -0.119695 12.980265 6.798440
v -0.166476 12.954211 6.803866
v -0.119695 12.840836 6.577846
v -0.185853 12.829124 6.718578
v -0.166476 12.837405 6.619066
v -0.119695 12.961584 6.688143
v -0.185853 12.881833 6.760991
v -0.166476 12.938226 6.709480
v -0.119695 12.910550 6.607400
v -0.185853 12.864506 6.733577
v -0.166476 12.897064 6.644357
v 0.169552 12.480497 7.333862
v 0.185853 12.563521 7.250148
v 0.185853 12.563521 6.696237
v 0.169552 12.480497 6.612522
v -0.185853 12.563521 7.227806
v -0.166476 12.480497 7.327319
v -0.166476 12.480497 6.619066
v -0.185853 12.563521 6.718578
v 0.000000 12.826013 6.863840
v 0.000000 13.170313 6.863840
v 0.021334 12.826013 6.865941
v 0.021334 13.170313 6.865941
v 0.041847 12.826013 6.872164
v 0.041847 13.170313 6.872164
v 0.060753 12.826013 6.882269
v 0.060753 13.170313 6.882269
v 0.077324 12.826013 6.895868
v 0.077324 13.170313 6.895868
v 0.090923 12.826013 6.912439
v 0.090923 13.170313 6.912439
v 0.101028 12.826013 6.931345
v 0.101028 13.170313 6.931345
v 0.107251 12.826013 6.951859
v 0.107251 13.170313 6.951859
v 0.109352 12.826013 6.973192
v 0.109352 13.170313 6.973192
v 0.107251 12.826013 6.994526
v 0.107251 13.170313 6.994526
v 0.101028 12.826013 7.015039
v 0.101028 13.170313 7.015039
v 0.090923 12.826013 7.033945
v 0.090923 13.170313 7.033945
v 0.077324 12.826013 7.050516
v 0.077324 13.170313 7.050516
v 0.060753 12.826013 7.064116
v 0.060753 13.170313 7.064116
v 0.041847 12.826013 7.074221
v 0.041847 13.170313 7.074221
v 0.021334 12.826013 7.080443
v 0.021334 13.170313 7.080443
v 0.000000 12.826013 7.082544
v 0.000000 13.170313 7.082544
v -0.021334 12.826013 7.080443
v -0.021334 13.170313 7.080443
v -0.041847 12.826013 7.074221
v -0.041847 13.170313 7.074221
v -0.060753 12.826013 7.064116
v -0.060753 13.170313 7.064116
v -0.077324 12.826013 7.050516
v -0.077324 13.170313 7.050516
v -0.090923 12.826013 7.033945
v -0.090923 13.170313 7.033945
v -0.101028 12.826013 7.015039
v -0.101028 13.170313 7.015039
v -0.107251 12.826013 6.994526
v -0.107251 13.170313 6.994526
v -0.109352 12.826013 6.973192
v -0.109352 13.170313 6.973192
v -0.107251 12.826013 6.951859
v -0.107251 13.170313 6.951859
v -0.101028 12.826013 6.931345
v -0.101028 13.170313 6.931345
v -0.090923 12.826013 6.912439
v -0.090923 13.170313 6.912439
v -0.077324 12.826013 6.895868
v -0.077324 13.170313 6.895868
v -0.060753 12.826013 6.882269
v -0.060753 13.170313 6.882269
v -0.041847 12.826013 6.872164
v -0.041847 13.170313 6.872164
v -0.021334 12.826013 6.865941
v -0.021334 13.170313 6.865941
v 0.000000 12.826013 -7.320074
v 0.000000 13.170313 -7.320074
v 0.021334 12.826013 -7.317973
v 0.021334 13.170313 -7.317973
v 0.041847 12.826013 -7.311749
v 0.041847 13.170313 -7.311749
v 0.060753 12.826013 -7.301645
v 0.060753 13.170313 -7.301645
v 0.077324 12.826013 -7.288045
v 0.077324 13.170313 -7.288045
v 0.090923 12.826013 -7.271475
v 0.090923 13.170313 -7.271475
v 0.101028 12.826013 -7.252569
v 0.101028 13.170313 -7.252569
v 0.107251 12.826013 -7.232056
v 0.107251 13.170313 -7.232056
v 0.109352 12.826013 -7.210722
v 0.109352 13.170313 -7.210722
v 0.107251 12.826013 -7.189387
v 0.107251 13.170313 -7.189387
v 0.101028 12.826013 -7.168874
v 0.101028 13.170313 -7.168874
v 0.090923 12.826013 -7.149968
v 0.090923 13.170313 -7.149968
v 0.077324 12.826013 -7.133399
v 0.077324 13.170313 -7.133399
v 0.060753 12.826013 -7.119799
v 0.060753 13.170313 -7.119799
v 0.041847 12.826013 -7.109694
v 0.041847 13.170313 -7.109694
v 0.021334 12.826013 -7.103470
v 0.021334 13.170313 -7.103470
v 0.000000 12.826013 -7.101369
v 0.000000 13.170313 -7.101369
v -0.021334 12.826013 -7.103470
v -0.021334 13.170313 -7.103470
v -0.041847 12.826013 -7.109694
v -0.041847 13.170313 -7.109694
v -0.060753 12.826013 -7.119799
v -0.060753 13.170313 -7.119799
v -0.077324 12.826013 -7.133399
v -0.077324 13.170313 -7.133399
v -0.090923 12.826013 -7.149968
v -0.090923 13.170313 -7.149968
v -0.101028 12.826013 -7.168874
v -0.101028 13.170313 -7.168874
v -0.107251 12.826013 -7.189387
v -0.107251 13.170313 -7.189387
v -0.109352 12.826013 -7.210722
v -0.109352 13.170313 -7.210722
v -0.107251 12.826013 -7.232056
v -0.107251 13.170313 -7.232056
v -0.101028 12.826013 -7.252569
v -0.101028 13.170313 -7.252569
v -0.090923 12.826013 -7.271475
v -0.090923 13.170313 -7.271475
v -0.077324 12.826013 -7.288045
v -0.077324 13.170313 -7.288045
v -0.060753 12.826013 -7.301645
v -0.060753 13.170313 -7.301645
v -0.041847 12.826013 -7.311749
v -0.041847 13.170313 -7.311749
v -0.021334 12.826013 -7.317973
v -0.021334 13.170313 -7.317973
v 0.130198 12.480497 -6.815375
v 0.169552 12.480497 -6.850052
v 0.130198 12.480497 -7.606068
v 0.169552 12.480497 -7.571391
v 0.185853 12.905435 -7.051556
v 0.130198 12.980265 -7.035969
v 0.169552 12.958347 -7.040534
v 0.185853 12.830984 -6.933766
v 0.130198 12.840836 -6.815375
v 0.169552 12.837950 -6.850052
v 0.185853 12.894494 -6.986955
v 0.130198 12.961584 -6.925673
v 0.169552 12.941934 -6.943623
v 0.185853 12.871815 -6.951076
v 0.130198 12.910550 -6.844929
v 0.169552 12.899205 -6.876019
v 0.185853 12.830984 -7.487677
v 0.130198 12.840836 -7.606068
v 0.169552 12.837950 -7.571391
v 0.185853 12.905435 -7.369887
v 0.130198 12.980265 -7.385474
v 0.169552 12.958347 -7.380909
v 0.185853 12.871815 -7.470368
v 0.130198 12.910550 -7.576514
v 0.169552 12.899205 -7.545424
v 0.185853 12.894494 -7.434488
v 0.130198 12.961584 -7.495770
v 0.169552 12.941934 -7.477821
v -0.119695 12.480497 -6.815375
v -0.166476 12.480497 -6.856596
v -0.119695 12.480497 -7.606068
v -0.166476 12.480497 -7.564848
v -0.185853 12.829124 -6.956108
v -0.119695 12.840836 -6.815375
v -0.166476 12.837405 -6.856596
v -0.119695 12.980265 -7.035969
v -0.185853 12.891314 -7.054497
v -0.166476 12.954211 -7.041395
v -0.185853 12.864506 -6.971107
v -0.119695 12.910550 -6.844929
v -0.166476 12.897064 -6.881886
v -0.185853 12.881833 -6.998521
v -0.119695 12.961584 -6.925673
v -0.166476 12.938226 -6.947009
v -0.185853 12.891314 -7.366947
v -0.119695 12.980265 -7.385474
v -0.166476 12.954211 -7.380048
v -0.119695 12.840836 -7.606068
v -0.185853 12.829124 -7.465336
v -0.166476 12.837405 -7.564848
v -0.119695 12.961584 -7.495770
v -0.185853 12.881833 -7.422922
v -0.166476 12.938226 -7.474434
v -0.119695 12.910550 -7.576514
v -0.185853 12.864506 -7.450337
v -0.166476 12.897064 -7.539557
v 0.169552 12.480497 -6.850052
v 0.185853 12.563521 -6.933766
v 0.185853 12.563521 -7.487677
v 0.169552 12.480497 -7.571391
v -0.185853 12.563521 -6.956108
v -0.166476 12.480497 -6.856596
v -0.166476 12.480497 -7.564848
v -0.185853 12.563521 -7.465336
vn 0.2576 0.9629 0.0801
vn -0.2576 0.9629 0.0801
vn -0.2784 0.9023 0.3293
vn 0.2784 0.9023 0.3293
vn 0.3391 0.6345 0.6946
vn -0.3391 0.6345 0.6946
vn -0.3827 0.1884 0.9044
vn 0.3827 0.1884 0.9044
vn 0.3897 -0.0000 0.9210
vn -0.3897 -0.0000 0.9210
vn -0.3897 -0.0000 -0.9210
vn -0.3827 0.1884 -0.9044
vn 0.3827 0.1884 -0.9044
vn 0.3897 -0.0000 -0.9210
vn 0.2576 0.9629 -0.0801
vn -0.2576 0.9629 -0.0801
vn -0.3391 0.6345 -0.6946
vn 0.3391 0.6345 -0.6946
vn -0.2784 0.9023 -0.3293
vn 0.2784 0.9023 -0.3293
vn 0.9949 0.0206 -0.0991
vn 0.9948 -0.0672 -0.0761
vn 0.9903 -0.0786 -0.1149
vn 0.9816 -0.0000 -0.1911
vn 0.9814 0.0391 -0.1878
vn 0.9877 0.1557 -0.0130
vn 0.9883 0.1430 -0.0522
vn 0.9644 0.2485 -0.0907
vn 0.9568 0.2897 -0.0241
vn 0.4917 0.8678 -0.0722
vn 0.5303 0.7965 -0.2906
vn 0.9924 0.0829 -0.0908
vn 0.9765 0.1453 -0.1591
vn 0.6139 0.5324 -0.5828
vn 0.6596 0.1533 -0.7358
vn 0.9883 0.1430 0.0522
vn 0.9877 0.1557 0.0130
vn 0.9568 0.2897 0.0241
vn 0.9644 0.2485 0.0907
vn 0.5303 0.7965 0.2906
vn 0.4917 0.8678 0.0722
vn 0.9924 0.0829 0.0908
vn 0.9765 0.1453 0.1591
vn 0.6139 0.5324 0.5828
vn 0.9949 0.0206 0.0991
vn 0.9814 0.0391 0.1878
vn 0.6596 0.1533 0.7358
vn 0.9948 -0.0672 0.0761
vn 0.6611 -0.0000 0.7503
vn -0.9949 0.0206 0.0991
vn -0.9939 -0.0819 0.0740
vn -0.9890 -0.0884 0.1188
vn -0.9816 -0.0000 0.1911
vn -0.9814 0.0391 0.1878
vn 0.6611 -0.0000 -0.7503
vn -0.9814 0.0391 -0.1878
vn -0.9816 -0.0000 -0.1911
vn -0.9890 -0.0884 -0.1188
vn -0.9939 -0.0819 -0.0740
vn -0.9949 0.0206 -0.0991
vn -0.9883 0.1430 -0.0522
vn -0.9877 0.1557 -0.0130
vn -0.9568 0.2897 -0.0241
vn -0.9644 0.2485 -0.0907
vn -0.5303 0.7965 -0.2906
vn -0.4917 0.8678 -0.0722
vn -0.9924 0.0829 -0.0908
vn -0.9765 0.1453 -0.1591
vn -0.6139 0.5324 -0.5828
vn -0.6596 0.1533 -0.7358
vn -0.9877 0.1557 0.0130
vn -0.9883 0.1430 0.0522
vn -0.9644 0.2485 0.0907
vn -0.9568 0.2897 0.0241
vn -0.4917 0.8678 0.0722
vn -0.5303 0.7965 0.2906
vn -0.9924 0.0829 0.0908
vn -0.9765 0.1453 0.1591
vn -0.6139 0.5324 0.5828
vn -0.6596 0.1533 0.7358
vn -0.6611 -0.0000 0.7503
vn -0.6611 -0.0000 -0.7503
vn 0.9903 -0.0786 0.1149
vn 0.9816 -0.0000 0.1911
vn -0.0000 -1.0000 -0.0000
vn -0.0000 -0.0000 -1.0000
vn 0.1965 -0.0000 -0.9805
vn 0.3855 -0.0000 -0.9227
vn 0.5594 -0.0000 -0.8289
vn 0.7114 -0.0000 -0.7027
vn 0.8356 -0.0000 -0.5493
vn 0.9268 -0.0000 -0.3754
vn 0.9819 -0.0000 -0.1896
vn 1.0000 -0.0000 -0.0000
vn 0.9819 -0.0000 0.1896
vn 0.9268 -0.0000 0.3754
vn 0.8356 -0.0000 0.5493
vn 0.7114 -0.0000 0.7027
vn 0.5594 -0.0000 0.8289
vn 0.3855 -0.0000 0.9227
vn 0.1965 -0.0000 0.9805
vn -0.0000 -0.0000 1.0000
vn -0.1965 -0.0000 0.9805
vn -0.3855 -0.0000 0.9227
vn -0.5594 -0.0000 0.8289
vn -0.7114 -0.0000 0.7027
vn -0.8356 -0.0000 0.5493
vn -0.9268 -0.0000 0.3754
vn -0.9819 -0.0000 0.1896
vn -1.0000 -0.0000 -0.0000
vn -0.9819 -0.0000 -0.1896
vn -0.9268 -0.0000 -0.3754
vn -0.8356 -0.0000 -0.5493
vn -0.7114 -0.0000 -0.7027
vn -0.5594 -0.0000 -0.8289
vn -0.3855 -0.0000 -0.9227
vn -0.0000 1.0000 -0.0000
vn -0.1965 -0.0000 -0.9805
vn 0.1966 -0.0000 -0.9805
vn 0.1966 -0.0000 0.9805
vn -0.1966 -0.0000 0.9805
vn -0.1966 -0.0000 -0.9805
vn 0.3897 -0.0000 0.9209
vn -0.3897 -0.0000 0.9209
vn -0.3897 -0.0000 -0.9209
vn 0.3897 -0.0000 -0.9209
vt 0.134884 0.774342
vt 0.124997 0.764454
vt 0.134884 0.764454
vt 0.131988 0.761558
vt 0.134884 0.688529
vt 0.124997 0.698417
vt 0.134884 0.698417
vt 0.131988 0.701313
vt 0.191033 0.744729
vt 0.210809 0.746030
vt 0.200822 0.746399
vt 0.200921 0.746767
vt 0.200921 0.745649
vt 0.181196 0.754566
vt 0.182498 0.774342
vt 0.182866 0.764454
vt 0.182116 0.764454
vt 0.189588 0.750124
vt 0.210809 0.764454
vt 0.200921 0.774342
vt 0.198654 0.754493
vt 0.200921 0.762955
vt 0.197904 0.755791
vt 0.200172 0.764454
vt 0.186591 0.753121
vt 0.191709 0.774342
vt 0.192258 0.761437
vt 0.192459 0.764454
vt 0.190960 0.762186
vt 0.190960 0.764454
vt 0.181196 0.708305
vt 0.182498 0.688529
vt 0.182866 0.698417
vt 0.182116 0.698417
vt 0.191033 0.718142
vt 0.210809 0.716841
vt 0.200823 0.716472
vt 0.200921 0.716104
vt 0.200921 0.717222
vt 0.186591 0.709750
vt 0.191709 0.688529
vt 0.192258 0.701434
vt 0.192459 0.698417
vt 0.190960 0.700684
vt 0.190960 0.698417
vt 0.189588 0.712747
vt 0.210809 0.698417
vt 0.200921 0.688529
vt 0.198654 0.708378
vt 0.200921 0.699916
vt 0.197904 0.707080
vt 0.200172 0.698417
vt 0.134884 0.818737
vt 0.080601 0.764454
vt 0.134884 0.566343
vt 0.134884 0.830491
vt 0.072290 0.761011
vt 0.134884 0.644134
vt 0.080601 0.698417
vt 0.134884 0.632380
vt 0.072290 0.701860
vt 0.180950 0.578097
vt 0.182498 0.818737
vt 0.182044 0.566343
vt 0.182935 0.566461
vt 0.182935 0.830491
vt 0.182044 0.830491
vt 0.255204 0.746030
vt 0.189168 0.586314
vt 0.200804 0.584329
vt 0.266958 0.746906
vt 0.266958 0.745577
vt 0.200921 0.585220
vt 0.185625 0.579350
vt 0.191709 0.818737
vt 0.192362 0.569464
vt 0.192600 0.830491
vt 0.190818 0.568573
vt 0.190818 0.830491
vt 0.187915 0.581639
vt 0.255204 0.764454
vt 0.200921 0.818737
vt 0.198692 0.576446
vt 0.266958 0.762672
vt 0.197801 0.574903
vt 0.200030 0.830491
vt 0.189168 0.612409
vt 0.255204 0.716841
vt 0.200804 0.614395
vt 0.266958 0.715965
vt 0.266958 0.717294
vt 0.200921 0.613504
vt 0.182498 0.644134
vt 0.180950 0.620627
vt 0.182935 0.632263
vt 0.182935 0.632380
vt 0.182044 0.632380
vt 0.255204 0.698417
vt 0.200921 0.644134
vt 0.187915 0.617084
vt 0.198692 0.622277
vt 0.266958 0.700199
vt 0.197801 0.623821
vt 0.200030 0.632380
vt 0.191709 0.644134
vt 0.185625 0.619374
vt 0.192362 0.629260
vt 0.192600 0.632380
vt 0.190818 0.630151
vt 0.190818 0.632380
vt 0.134884 0.764454
vt 0.131988 0.761558
vt 0.145855 0.754566
vt 0.145855 0.708305
vt 0.134884 0.698417
vt 0.131988 0.701313
vt 0.145855 0.578097
vt 0.068847 0.764419
vt 0.134884 0.566343
vt 0.072290 0.761011
vt 0.134884 0.632380
vt 0.072290 0.701860
vt 0.145855 0.620627
vt 0.068847 0.721889
vt 0.127338 0.638081
vt 0.127338 0.561823
vt 0.105577 0.203081
vt 0.080683 0.638081
vt 0.188014 0.113981
vt 0.080683 0.561823
vt 0.127338 0.635698
vt 0.105974 0.207104
vt 0.080683 0.635698
vt 0.188410 0.118004
vt 0.127338 0.633315
vt 0.107147 0.210973
vt 0.080683 0.633315
vt 0.189583 0.121872
vt 0.127338 0.630932
vt 0.109053 0.214538
vt 0.080683 0.630932
vt 0.191489 0.125437
vt 0.127338 0.628549
vt 0.111617 0.217663
vt 0.080683 0.628549
vt 0.194054 0.128562
vt 0.127338 0.626166
vt 0.114742 0.220227
vt 0.080683 0.626166
vt 0.197178 0.131127
vt 0.127338 0.623783
vt 0.118307 0.222133
vt 0.080683 0.623783
vt 0.200744 0.133032
vt 0.127338 0.621400
vt 0.122176 0.223306
vt 0.080683 0.621400
vt 0.204612 0.134206
vt 0.127338 0.619017
vt 0.126199 0.223703
vt 0.080683 0.619017
vt 0.208635 0.134602
vt 0.127338 0.616634
vt 0.130222 0.223306
vt 0.080683 0.616634
vt 0.212658 0.134206
vt 0.127338 0.614251
vt 0.134090 0.222133
vt 0.080683 0.614251
vt 0.216526 0.133032
vt 0.127338 0.611868
vt 0.137655 0.220227
vt 0.080683 0.611868
vt 0.220091 0.131127
vt 0.127338 0.609485
vt 0.140780 0.217663
vt 0.080683 0.609485
vt 0.223216 0.128562
vt 0.127338 0.607102
vt 0.143345 0.214538
vt 0.080683 0.607102
vt 0.225781 0.125437
vt 0.127338 0.604718
vt 0.145250 0.210973
vt 0.080683 0.604718
vt 0.227687 0.121872
vt 0.127338 0.602335
vt 0.146424 0.207104
vt 0.080683 0.602335
vt 0.228860 0.118004
vt 0.127338 0.599952
vt 0.146820 0.203081
vt 0.080683 0.599952
vt 0.229256 0.113981
vt 0.127338 0.597569
vt 0.146424 0.199058
vt 0.080683 0.597569
vt 0.228860 0.109958
vt 0.127338 0.595186
vt 0.145250 0.195190
vt 0.080683 0.595186
vt 0.227687 0.106089
vt 0.127338 0.592803
vt 0.143345 0.191625
vt 0.080683 0.592803
vt 0.225781 0.102524
vt 0.127338 0.590420
vt 0.140780 0.188500
vt 0.080683 0.590420
vt 0.223216 0.099399
vt 0.127338 0.588037
vt 0.137655 0.185935
vt 0.080683 0.588037
vt 0.220092 0.096835
vt 0.127338 0.585654
vt 0.134090 0.184030
vt 0.080683 0.585654
vt 0.216526 0.094929
vt 0.127338 0.583271
vt 0.130222 0.182856
vt 0.080683 0.583271
vt 0.212658 0.093756
vt 0.127338 0.580888
vt 0.126199 0.182460
vt 0.080683 0.580888
vt 0.208635 0.093359
vt 0.127338 0.578505
vt 0.122176 0.182856
vt 0.080683 0.578505
vt 0.204612 0.093756
vt 0.127338 0.576122
vt 0.118307 0.184030
vt 0.080683 0.576122
vt 0.200744 0.094929
vt 0.127338 0.573739
vt 0.114742 0.185935
vt 0.080683 0.573739
vt 0.197178 0.096835
vt 0.127338 0.571356
vt 0.111617 0.188500
vt 0.080683 0.571356
vt 0.194053 0.099399
vt 0.127338 0.568973
vt 0.109053 0.191625
vt 0.080683 0.568973
vt 0.191489 0.102524
vt 0.127338 0.566590
vt 0.107147 0.195190
vt 0.189583 0.106089
vt 0.080683 0.566590
vt 0.127338 0.564207
vt 0.105974 0.199058
vt 0.188410 0.109958
vt 0.080683 0.564207
vt 0.259120 0.850483
vt 0.259120 0.774226
vt 0.080842 0.668069
vt 0.212465 0.850483
vt 0.078910 0.798042
vt 0.212465 0.774226
vt 0.259120 0.848100
vt 0.081238 0.672092
vt 0.212465 0.848100
vt 0.079306 0.802065
vt 0.259120 0.845717
vt 0.082412 0.675960
vt 0.212465 0.845717
vt 0.080479 0.805933
vt 0.259120 0.843334
vt 0.084317 0.679525
vt 0.212465 0.843334
vt 0.082385 0.809498
vt 0.259120 0.840951
vt 0.086882 0.682650
vt 0.212465 0.840951
vt 0.084949 0.812623
vt 0.259120 0.838568
vt 0.090007 0.685215
vt 0.212465 0.838568
vt 0.088074 0.815188
vt 0.259120 0.836185
vt 0.093572 0.687120
vt 0.212465 0.836185
vt 0.091639 0.817094
vt 0.259120 0.833802
vt 0.097440 0.688294
vt 0.212465 0.833802
vt 0.095508 0.818267
vt 0.259120 0.831419
vt 0.101463 0.688690
vt 0.212465 0.831419
vt 0.099531 0.818663
vt 0.259120 0.829036
vt 0.105486 0.688294
vt 0.212465 0.829036
vt 0.103554 0.818267
vt 0.259120 0.826653
vt 0.109355 0.687120
vt 0.212465 0.826653
vt 0.107422 0.817094
vt 0.259120 0.824270
vt 0.112920 0.685215
vt 0.212465 0.824270
vt 0.110987 0.815188
vt 0.259120 0.821887
vt 0.116045 0.682650
vt 0.212465 0.821887
vt 0.114112 0.812623
vt 0.259120 0.819504
vt 0.118609 0.679525
vt 0.212465 0.819504
vt 0.116677 0.809498
vt 0.259120 0.817120
vt 0.120515 0.675960
vt 0.212465 0.817120
vt 0.118582 0.805933
vt 0.259120 0.814737
vt 0.121688 0.672092
vt 0.212465 0.814737
vt 0.119756 0.802065
vt 0.259120 0.812354
vt 0.122085 0.668069
vt 0.212465 0.812354
vt 0.120152 0.798042
vt 0.259120 0.809971
vt 0.121688 0.664046
vt 0.212465 0.809971
vt 0.119756 0.794019
vt 0.259120 0.807588
vt 0.120515 0.660177
vt 0.212465 0.807588
vt 0.118582 0.790151
vt 0.259120 0.805205
vt 0.118609 0.656612
vt 0.212465 0.805205
vt 0.116677 0.786585
vt 0.259120 0.802822
vt 0.116045 0.653487
vt 0.212465 0.802822
vt 0.114112 0.783461
vt 0.259120 0.800439
vt 0.112920 0.650923
vt 0.212465 0.800439
vt 0.110987 0.780896
vt 0.259120 0.798056
vt 0.109355 0.649017
vt 0.212465 0.798056
vt 0.107422 0.778990
vt 0.259120 0.795673
vt 0.105486 0.647843
vt 0.212465 0.795673
vt 0.103554 0.777817
vt 0.259120 0.793290
vt 0.101463 0.647447
vt 0.212465 0.793290
vt 0.099531 0.777421
vt 0.259120 0.790907
vt 0.097440 0.647843
vt 0.212465 0.790907
vt 0.095508 0.777817
vt 0.259120 0.788524
vt 0.093572 0.649017
vt 0.212465 0.788524
vt 0.091639 0.778990
vt 0.259120 0.786141
vt 0.090007 0.650923
vt 0.212465 0.786141
vt 0.088074 0.780896
vt 0.259120 0.783758
vt 0.086882 0.653487
vt 0.212465 0.783758
vt 0.084949 0.783461
vt 0.259120 0.781375
vt 0.084317 0.656612
vt 0.212465 0.781375
vt 0.082385 0.786585
vt 0.259120 0.778992
vt 0.082412 0.660177
vt 0.080479 0.790151
vt 0.212465 0.778992
vt 0.259120 0.776609
vt 0.081238 0.664046
vt 0.079306 0.794019
vt 0.212465 0.776609
vt 0.593071 0.214510
vt 0.583184 0.204622
vt 0.593071 0.204622
vt 0.590175 0.201726
vt 0.593071 0.128697
vt 0.583184 0.138585
vt 0.593071 0.138585
vt 0.590175 0.141481
vt 0.649221 0.184897
vt 0.668996 0.186198
vt 0.659010 0.186567
vt 0.659108 0.186935
vt 0.659108 0.185817
vt 0.639383 0.194734
vt 0.640685 0.214510
vt 0.641053 0.204622
vt 0.640304 0.204622
vt 0.647775 0.190292
vt 0.668996 0.204622
vt 0.659108 0.214510
vt 0.656841 0.194661
vt 0.659108 0.203123
vt 0.656091 0.195959
vt 0.658359 0.204622
vt 0.644778 0.193288
vt 0.649897 0.214510
vt 0.650445 0.201605
vt 0.650646 0.204622
vt 0.649147 0.202354
vt 0.649147 0.204622
vt 0.639383 0.148473
vt 0.640685 0.128697
vt 0.641053 0.138585
vt 0.640304 0.138585
vt 0.649221 0.158310
vt 0.668996 0.157008
vt 0.659010 0.156640
vt 0.659108 0.156272
vt 0.659108 0.157390
vt 0.644778 0.149918
vt 0.649897 0.128697
vt 0.650445 0.141602
vt 0.650646 0.138585
vt 0.649147 0.140852
vt 0.649147 0.138585
vt 0.647775 0.152915
vt 0.668996 0.138585
vt 0.659108 0.128697
vt 0.656841 0.148546
vt 0.659108 0.140084
vt 0.656091 0.147248
vt 0.658359 0.138585
vt 0.593071 0.258905
vt 0.538788 0.204622
vt 0.593071 0.006511
vt 0.593071 0.270659
vt 0.530477 0.201179
vt 0.593071 0.084302
vt 0.538788 0.138585
vt 0.593071 0.072548
vt 0.530477 0.142028
vt 0.639137 0.018265
vt 0.640685 0.258905
vt 0.640232 0.006511
vt 0.641123 0.006629
vt 0.641123 0.270659
vt 0.640232 0.270659
vt 0.713392 0.186198
vt 0.647355 0.026482
vt 0.658991 0.024497
vt 0.725145 0.187074
vt 0.725145 0.185745
vt 0.659108 0.025388
vt 0.643812 0.019518
vt 0.649897 0.258905
vt 0.650549 0.009632
vt 0.650788 0.270659
vt 0.649006 0.008741
vt 0.649006 0.270659
vt 0.646102 0.021807
vt 0.713392 0.204622
vt 0.659108 0.258905
vt 0.656879 0.016614
vt 0.725145 0.202840
vt 0.655988 0.015071
vt 0.658217 0.270659
vt 0.647355 0.052577
vt 0.713392 0.157008
vt 0.658991 0.054562
vt 0.725145 0.156133
vt 0.725145 0.157462
vt 0.659108 0.053672
vt 0.640685 0.084302
vt 0.639137 0.060795
vt 0.641123 0.072431
vt 0.641123 0.072548
vt 0.640232 0.072548
vt 0.713392 0.138585
vt 0.659108 0.084302
vt 0.646102 0.057252
vt 0.656879 0.062445
vt 0.725145 0.140367
vt 0.655988 0.063989
vt 0.658217 0.072548
vt 0.649897 0.084302
vt 0.643812 0.059542
vt 0.650549 0.069428
vt 0.650788 0.072548
vt 0.649006 0.070319
vt 0.649006 0.072548
vt 0.593071 0.204622
vt 0.590175 0.201726
vt 0.604042 0.194734
vt 0.604042 0.148473
vt 0.593071 0.138585
vt 0.590175 0.141481
vt 0.604042 0.018265
vt 0.527035 0.192868
vt 0.593071 0.006511
vt 0.530477 0.201179
vt 0.593071 0.072548
vt 0.530477 0.142028
vt 0.604042 0.060795
vt 0.527035 0.150339
s 1
usemtl Материал
f 6/10/1 36/68/2 43/81/3 12/19/4
f 15/26/5 40/75/6 34/63/7 9/15/8
f 1/1/9 9/15/8 34/63/7 29/53/10
f 31/58/11 48/93/12 18/32/13 3/5/14
f 21/36/15 46/88/16 36/68/2 6/10/1
f 54/105/17 24/41/18 18/32/13 48/93/12
f 12/20/4 43/82/3 40/75/6 15/26/5
f 51/99/19 27/48/20 24/41/18 54/105/17
f 46/88/16 21/36/15 27/47/20 51/98/19
f 17/31/21 59/114/22 60/115/23 4/7/24 19/34/25
f 20/35/26 26/46/27 28/49/28 22/37/29
f 22/38/30 28/50/31 27/47/20 21/36/15
f 26/46/27 23/40/32 25/42/33 28/51/28
f 28/52/31 25/43/34 24/41/18 27/48/20
f 23/40/32 17/31/21 19/33/25 25/44/33
f 25/45/34 19/33/35 18/32/13 24/41/18
f 11/18/36 5/9/37 7/11/38 13/21/39
f 13/22/40 7/12/41 6/10/1 12/19/4
f 14/25/42 11/18/36 13/23/39 16/27/43
f 16/28/44 13/24/40 12/20/4 15/26/5
f 8/14/45 14/25/42 16/29/43 10/16/46
f 10/16/47 16/30/44 15/26/5 9/15/8
f 59/114/22 17/31/21 23/40/32 26/46/27 20/35/26 5/9/37 11/18/36 14/25/42 8/14/45 58/113/48
f 2/3/49 10/17/47 9/15/8 1/1/9
f 5/9/37 20/35/26 22/39/29 7/13/38
f 7/13/41 22/39/30 21/36/15 6/10/1
f 33/62/50 61/117/51 62/119/52 30/55/53 35/64/54
f 19/34/35 4/7/55 3/5/14 18/32/13
f 50/97/56 32/60/57 63/121/58 64/123/59 49/94/60
f 52/100/61 45/87/62 47/89/63 53/101/64
f 53/102/65 47/90/66 46/88/16 51/98/19
f 55/106/67 52/100/61 53/103/64 56/107/68
f 56/108/69 53/104/65 51/99/19 54/105/17
f 49/94/60 55/106/67 56/109/68 50/95/56
f 50/96/70 56/110/69 54/105/17 48/93/12
f 37/69/71 42/80/72 44/83/73 38/70/74
f 38/71/75 44/84/76 43/81/3 36/68/2
f 42/80/72 39/74/77 41/76/78 44/85/73
f 44/86/76 41/77/79 40/75/6 43/82/3
f 39/74/77 33/62/50 35/65/54 41/78/78
f 41/79/79 35/66/80 34/63/7 40/75/6
f 61/117/51 33/62/50 39/74/77 42/80/72 37/69/71 45/87/62 52/100/61 55/106/67 49/94/60 64/123/59
f 35/67/80 30/56/81 29/53/10 34/63/7
f 36/68/2 46/88/16 47/91/66 38/72/75
f 38/73/74 47/92/63 45/87/62 37/69/71
f 48/93/12 31/58/11 32/60/82 50/97/70
f 57/111/83 58/113/48 8/14/45 10/17/46 2/3/84
f 59/114/22 58/113/48 57/112/83 60/116/23
f 61/118/51 64/124/59 63/122/58 62/120/52
f 63/122/85 32/61/85 31/59/85 3/6/85 4/8/85 60/116/85 57/112/85 2/4/85 1/2/85 29/54/85 30/57/85 62/120/85
f 65/125/86 66/128/86 68/133/87 67/131/87
f 67/131/87 68/133/87 70/137/88 69/135/88
f 69/135/88 70/137/88 72/141/89 71/139/89
f 71/139/89 72/141/89 74/145/90 73/143/90
f 73/143/90 74/145/90 76/149/91 75/147/91
f 75/147/91 76/149/91 78/153/92 77/151/92
f 77/151/92 78/153/92 80/157/93 79/155/93
f 79/155/93 80/157/93 82/161/94 81/159/94
f 81/159/94 82/161/94 84/165/95 83/163/95
f 83/163/95 84/165/95 86/169/96 85/167/96
f 85/167/96 86/169/96 88/173/97 87/171/97
f 87/171/97 88/173/97 90/177/98 89/175/98
f 89/175/98 90/177/98 92/181/99 91/179/99
f 91/179/99 92/181/99 94/185/100 93/183/100
f 93/183/100 94/185/100 96/189/101 95/187/101
f 95/187/101 96/189/101 98/193/102 97/191/102
f 97/191/102 98/193/102 100/197/103 99/195/103
f 99/195/103 100/197/103 102/201/104 101/199/104
f 101/199/104 102/201/104 104/205/105 103/203/105
f 103/203/105 104/205/105 106/209/106 105/207/106
f 105/207/106 106/209/106 108/213/107 107/211/107
f 107/211/107 108/213/107 110/217/108 109/215/108
f 109/215/108 110/217/108 112/221/109 111/219/109
f 111/219/109 112/221/109 114/225/110 113/223/110
f 113/223/110 114/225/110 116/229/111 115/227/111
f 115/227/111 116/229/111 118/233/112 117/231/112
f 117/231/112 118/233/112 120/237/113 119/235/113
f 119/235/113 120/237/113 122/241/114 121/239/114
f 121/239/114 122/241/114 124/245/115 123/243/115
f 123/243/115 124/245/115 126/250/116 125/247/116
f 68/134/117 66/129/117 128/253/117 126/249/117 124/246/117 122/242/117 120/238/117 118/234/117 116/230/117 114/226/117 112/222/117 110/218/117 108/214/117 106/210/117 104/206/117 102/202/117 100/198/117 98/194/117 96/190/117 94/186/117 92/182/117 90/178/117 88/174/117 86/170/117 84/166/117 82/162/117 80/158/117 78/154/117 76/150/117 74/146/117 72/142/117 70/138/117
f 125/247/116 126/250/116 128/254/118 127/251/118
f 127/251/118 128/254/118 66/130/86 65/126/86
f 65/127/85 67/132/85 69/136/85 71/140/85 73/144/85 75/148/85 77/152/85 79/156/85 81/160/85 83/164/85 85/168/85 87/172/85 89/176/85 91/180/85 93/184/85 95/188/85 97/192/85 99/196/85 101/200/85 103/204/85 105/208/85 107/212/85 109/216/85 111/220/85 113/224/85 115/228/85 117/232/85 119/236/85 121/240/85 123/244/85 125/248/85 127/252/85
f 129/255/86 130/258/86 132/263/119 131/261/119
f 131/261/119 132/263/119 134/267/88 133/265/88
f 133/265/88 134/267/88 136/271/89 135/269/89
f 135/269/89 136/271/89 138/275/90 137/273/90
f 137/273/90 138/275/90 140/279/91 139/277/91
f 139/277/91 140/279/91 142/283/92 141/281/92
f 141/281/92 142/283/92 144/287/93 143/285/93
f 143/285/93 144/287/93 146/291/94 145/289/94
f 145/289/94 146/291/94 148/295/95 147/293/95
f 147/293/95 148/295/95 150/299/96 149/297/96
f 149/297/96 150/299/96 152/303/97 151/301/97
f 151/301/97 152/303/97 154/307/98 153/305/98
f 153/305/98 154/307/98 156/311/99 155/309/99
f 155/309/99 156/311/99 158/315/100 157/313/100
f 157/313/100 158/315/100 160/319/120 159/317/120
f 159/317/120 160/319/120 162/323/102 161/321/102
f 161/321/102 162/323/102 164/327/121 163/325/121
f 163/325/121 164/327/121 166/331/104 165/329/104
f 165/329/104 166/331/104 168/335/105 167/333/105
f 167/333/105 168/335/105 170/339/106 169/337/106
f 169/337/106 170/339/106 172/343/107 171/341/107
f 171/341/107 172/343/107 174/347/108 173/345/108
f 173/345/108 174/347/108 176/351/109 175/349/109
f 175/349/109 176/351/109 178/355/110 177/353/110
f 177/353/110 178/355/110 180/359/111 179/357/111
f 179/357/111 180/359/111 182/363/112 181/361/112
f 181/361/112 182/363/112 184/367/113 183/365/113
f 183/365/113 184/367/113 186/371/114 185/369/114
f 185/369/114 186/371/114 188/375/115 187/373/115
f 187/373/115 188/375/115 190/380/116 189/377/116
f 132/264/117 130/259/117 192/383/117 190/379/117 188/376/117 186/372/117 184/368/117 182/364/117 180/360/117 178/356/117 176/352/117 174/348/117 172/344/117 170/340/117 168/336/117 166/332/117 164/328/117 162/324/117 160/320/117 158/316/117 156/312/117 154/308/117 152/304/117 150/300/117 148/296/117 146/292/117 144/288/117 142/284/117 140/280/117 138/276/117 136/272/117 134/268/117
f 189/377/116 190/380/116 192/384/122 191/381/122
f 191/381/122 192/384/122 130/260/86 129/256/86
f 129/257/85 131/262/85 133/266/85 135/270/85 137/274/85 139/278/85 141/282/85 143/286/85 145/290/85 147/294/85 149/298/85 151/302/85 153/306/85 155/310/85 157/314/85 159/318/85 161/322/85 163/326/85 165/330/85 167/334/85 169/338/85 171/342/85 173/346/85 175/350/85 177/354/85 179/358/85 181/362/85 183/366/85 185/370/85 187/374/85 189/378/85 191/382/85
f 198/394/1 228/452/2 235/465/3 204/403/4
f 207/410/5 232/459/6 226/447/7 201/399/8
f 193/385/123 201/399/8 226/447/7 221/437/124
f 223/442/125 240/477/12 210/416/13 195/389/126
f 213/420/15 238/472/16 228/452/2 198/394/1
f 246/489/17 216/425/18 210/416/13 240/477/12
f 204/404/4 235/466/3 232/459/6 207/410/5
f 243/483/19 219/432/20 216/425/18 246/489/17
f 238/472/16 213/420/15 219/431/20 243/482/19
f 209/415/21 251/498/22 252/499/23 196/391/24 211/418/25
f 212/419/26 218/430/27 220/433/28 214/421/29
f 214/422/30 220/434/31 219/431/20 213/420/15
f 218/430/27 215/424/32 217/426/33 220/435/28
f 220/436/31 217/427/34 216/425/18 219/432/20
f 215/424/32 209/415/21 211/417/25 217/428/33
f 217/429/34 211/417/35 210/416/13 216/425/18
f 203/402/36 197/393/37 199/395/38 205/405/39
f 205/406/40 199/396/41 198/394/1 204/403/4
f 206/409/42 203/402/36 205/407/39 208/411/43
f 208/412/44 205/408/40 204/404/4 207/410/5
f 200/398/45 206/409/42 208/413/43 202/400/46
f 202/400/47 208/414/44 207/410/5 201/399/8
f 251/498/22 209/415/21 215/424/32 218/430/27 212/419/26 197/393/37 203/402/36 206/409/42 200/398/45 250/497/48
f 194/387/49 202/401/47 201/399/8 193/385/123
f 197/393/37 212/419/26 214/423/29 199/397/38
f 199/397/41 214/423/30 213/420/15 198/394/1
f 225/446/50 253/501/51 254/503/52 222/439/53 227/448/54
f 211/418/35 196/391/55 195/389/126 210/416/13
f 242/481/56 224/444/57 255/505/58 256/507/59 241/478/60
f 244/484/61 237/471/62 239/473/63 245/485/64
f 245/486/65 239/474/66 238/472/16 243/482/19
f 247/490/67 244/484/61 245/487/64 248/491/68
f 248/492/69 245/488/65 243/483/19 246/489/17
f 241/478/60 247/490/67 248/493/68 242/479/56
f 242/480/70 248/494/69 246/489/17 240/477/12
f 229/453/71 234/464/72 236/467/73 230/454/74
f 230/455/75 236/468/76 235/465/3 228/452/2
f 234/464/72 231/458/77 233/460/78 236/469/73
f 236/470/76 233/461/79 232/459/6 235/466/3
f 231/458/77 225/446/50 227/449/54 233/462/78
f 233/463/79 227/450/80 226/447/7 232/459/6
f 253/501/51 225/446/50 231/458/77 234/464/72 229/453/71 237/471/62 244/484/61 247/490/67 241/478/60 256/507/59
f 227/451/80 222/440/81 221/437/124 226/447/7
f 228/452/2 238/472/16 239/475/66 230/456/75
f 230/457/74 239/476/63 237/471/62 229/453/71
f 240/477/12 223/442/125 224/444/82 242/481/70
f 249/495/83 250/497/48 200/398/45 202/401/46 194/387/84
f 251/498/22 250/497/48 249/496/83 252/500/23
f 253/502/51 256/508/59 255/506/58 254/504/52
f 255/506/85 224/445/85 223/443/85 195/390/85 196/392/85 252/500/85 249/496/85 194/388/85 193/386/85 221/438/85 222/441/85 254/504/85
o Цилиндр.004
v 0.508168 7.644317 4.346022
v 0.476704 7.644317 4.346022
v 0.508168 7.861194 4.845420
v 0.476704 7.861194 4.845420
v 0.508168 7.976475 5.377533
v 0.476704 7.976475 5.377533
v 0.508168 7.985731 5.921913
v 0.476704 7.985731 5.921913
v 0.508168 7.888607 6.457638
v 0.476704 7.888607 6.457638
v 0.508168 7.688834 6.964121
v 0.476704 7.688834 6.964121
v 0.508168 7.394089 7.421898
v 0.476704 7.394089 7.421898
v 0.508168 7.015700 7.813377
v 0.476704 7.015700 7.813377
v 0.508168 6.568208 8.123515
v 0.476704 6.568208 8.123515
v 0.508168 6.068810 8.340392
v 0.476703 6.068810 8.340392
v 0.508168 5.536696 8.455673
v 0.476703 5.536696 8.455673
v 0.508167 4.992317 8.464930
v 0.476703 4.992317 8.464930
v 0.508167 4.456592 8.367805
v 0.476703 4.456592 8.367805
v 0.508167 3.950109 8.168032
v 0.476702 3.950109 8.168032
v 0.508167 3.492331 7.873288
v 0.476702 3.492331 7.873288
v 0.508166 3.100852 7.494899
v 0.476702 3.100852 7.494899
v 0.508166 2.790714 7.047406
v 0.476702 2.790714 7.047406
v 0.508166 2.573838 6.548008
v 0.476702 2.573838 6.548008
v 0.508166 2.458556 6.015894
v 0.476702 2.458556 6.015894
v 0.508166 2.449300 5.471515
v 0.476702 2.449300 5.471515
v 0.508166 2.546424 4.935790
v 0.476702 2.546424 4.935790
v 0.508166 2.746197 4.429307
v 0.476702 2.746197 4.429307
v 0.508166 3.040942 3.971530
v 0.476702 3.040942 3.971530
v 0.508166 3.419331 3.580050
v 0.476702 3.419331 3.580050
v 0.508166 3.866823 3.269913
v 0.476702 3.866823 3.269913
v 0.508167 4.366221 3.053036
v 0.476702 4.366221 3.053036
v 0.508167 4.898335 2.937754
v 0.476703 4.898335 2.937754
v 0.508167 5.442714 2.928498
v 0.476703 5.442714 2.928498
v 0.508167 5.978439 3.025623
v 0.476703 5.978439 3.025623
v 0.508168 6.484922 3.225396
v 0.476703 6.484922 3.225396
v 0.508168 6.942699 3.520140
v 0.476703 6.942699 3.520140
v 0.508168 7.334179 3.898529
v 0.476704 7.334179 3.898529
vn -0.0000 0.9172 -0.3983
vn -0.0000 0.9773 -0.2117
vn -0.0000 0.9999 -0.0170
vn -0.0000 0.9840 0.1784
vn -0.0000 0.9303 0.3669
vn -0.0000 0.8408 0.5414
vn -0.0000 0.7190 0.6950
vn -0.0000 0.5696 0.8219
vn -0.0000 0.3983 0.9172
vn -0.0000 0.2117 0.9773
vn -0.0000 0.0170 0.9999
vn -0.0000 -0.1784 0.9840
vn -0.0000 -0.3669 0.9303
vn -0.0000 -0.5414 0.8408
vn -0.0000 -0.6950 0.7190
vn -0.0000 -0.8219 0.5696
vn -0.0000 -0.9172 0.3983
vn -0.0000 -0.9773 0.2117
vn -0.0000 -0.9999 0.0170
vn -0.0000 -0.9840 -0.1784
vn -0.0000 -0.9303 -0.3669
vn -0.0000 -0.8408 -0.5414
vn -0.0000 -0.7190 -0.6950
vn -0.0000 -0.5696 -0.8219
vn -0.0000 -0.3983 -0.9172
vn -0.0000 -0.2117 -0.9773
vn -0.0000 -0.0170 -0.9999
vn -0.0000 0.1784 -0.9840
vn -0.0000 0.3669 -0.9303
vn -0.0000 0.5414 -0.8408
vn -1.0000 -0.0000 -0.0000
vn -0.0000 0.6950 -0.7190
vn -0.0000 0.8219 -0.5696
vn 1.0000 -0.0000 -0.0000
vt 0.740313 0.969092
vt 0.740313 0.051795
vt 0.071511 0.477838
vt 0.733119 0.969092
vt 0.071511 0.309166
vt 0.733119 0.051795
vt 0.740313 0.940427
vt 0.073067 0.493633
vt 0.733119 0.940427
vt 0.073067 0.324961
vt 0.740313 0.911761
vt 0.077674 0.508821
vt 0.733119 0.911761
vt 0.077674 0.340149
vt 0.740313 0.883096
vt 0.085156 0.522819
vt 0.733119 0.883096
vt 0.085156 0.354146
vt 0.740313 0.854430
vt 0.095225 0.535088
vt 0.733119 0.854430
vt 0.095225 0.366415
vt 0.740313 0.825765
vt 0.107493 0.545156
vt 0.733119 0.825765
vt 0.107493 0.376484
vt 0.740313 0.797099
vt 0.121491 0.552638
vt 0.733119 0.797099
vt 0.121491 0.383966
vt 0.740313 0.768433
vt 0.136679 0.557245
vt 0.733119 0.768433
vt 0.136679 0.388573
vt 0.740313 0.739768
vt 0.152474 0.558801
vt 0.733119 0.739768
vt 0.152474 0.390129
vt 0.740313 0.711102
vt 0.168269 0.557245
vt 0.733119 0.711102
vt 0.168269 0.388573
vt 0.740313 0.682437
vt 0.183457 0.552638
vt 0.733119 0.682437
vt 0.183457 0.383966
vt 0.740313 0.653771
vt 0.197454 0.545156
vt 0.733119 0.653771
vt 0.197454 0.376484
vt 0.740313 0.625106
vt 0.209723 0.535088
vt 0.733119 0.625106
vt 0.209723 0.366415
vt 0.740313 0.596440
vt 0.219792 0.522819
vt 0.733119 0.596440
vt 0.219792 0.354146
vt 0.740313 0.567775
vt 0.227274 0.508821
vt 0.733119 0.567775
vt 0.227274 0.340149
vt 0.740313 0.539109
vt 0.231881 0.493633
vt 0.733119 0.539109
vt 0.231881 0.324961
vt 0.740313 0.510444
vt 0.233437 0.477838
vt 0.733119 0.510444
vt 0.233437 0.309166
vt 0.740313 0.481778
vt 0.231881 0.462043
vt 0.733119 0.481778
vt 0.231881 0.293371
vt 0.740313 0.453113
vt 0.227274 0.446855
vt 0.733119 0.453113
vt 0.227274 0.278183
vt 0.740313 0.424447
vt 0.219792 0.432858
vt 0.733119 0.424447
vt 0.219792 0.264185
vt 0.740313 0.395782
vt 0.209723 0.420589
vt 0.733119 0.395782
vt 0.209723 0.251916
vt 0.740313 0.367116
vt 0.197454 0.410520
vt 0.733119 0.367116
vt 0.197454 0.241848
vt 0.740313 0.338451
vt 0.183457 0.403038
vt 0.733119 0.338451
vt 0.183457 0.234366
vt 0.740313 0.309785
vt 0.168269 0.398431
vt 0.733119 0.309785
vt 0.168269 0.229759
vt 0.740313 0.281120
vt 0.152474 0.396876
vt 0.733119 0.281120
vt 0.152474 0.228203
vt 0.740313 0.252454
vt 0.136679 0.398431
vt 0.733119 0.252454
vt 0.136679 0.229759
vt 0.740313 0.223788
vt 0.121491 0.403038
vt 0.733119 0.223788
vt 0.121491 0.234366
vt 0.740313 0.195123
vt 0.107493 0.410520
vt 0.733119 0.195123
vt 0.107493 0.241848
vt 0.740313 0.166457
vt 0.095225 0.420589
vt 0.733119 0.166457
vt 0.095225 0.251916
vt 0.740313 0.137792
vt 0.085156 0.432858
vt 0.733119 0.137792
vt 0.085156 0.264185
vt 0.740313 0.109126
vt 0.077674 0.446855
vt 0.077674 0.278183
vt 0.733119 0.109126
vt 0.740313 0.080461
vt 0.073067 0.462043
vt 0.073067 0.293371
vt 0.733119 0.080461
s 0
usemtl Материал
f 257/509/127 258/512/127 260/517/127 259/515/127
f 259/515/128 260/517/128 262/521/128 261/519/128
f 261/519/129 262/521/129 264/525/129 263/523/129
f 263/523/130 264/525/130 266/529/130 265/527/130
f 265/527/131 266/529/131 268/533/131 267/531/131
f 267/531/132 268/533/132 270/537/132 269/535/132
f 269/535/133 270/537/133 272/541/133 271/539/133
f 271/539/134 272/541/134 274/545/134 273/543/134
f 273/543/135 274/545/135 276/549/135 275/547/135
f 275/547/136 276/549/136 278/553/136 277/551/136
f 277/551/137 278/553/137 280/557/137 279/555/137
f 279/555/138 280/557/138 282/561/138 281/559/138
f 281/559/139 282/561/139 284/565/139 283/563/139
f 283/563/140 284/565/140 286/569/140 285/567/140
f 285/567/141 286/569/141 288/573/141 287/571/141
f 287/571/142 288/573/142 290/577/142 289/575/142
f 289/575/143 290/577/143 292/581/143 291/579/143
f 291/579/144 292/581/144 294/585/144 293/583/144
f 293/583/145 294/585/145 296/589/145 295/587/145
f 295/587/146 296/589/146 298/593/146 297/591/146
f 297/591/147 298/593/147 300/597/147 299/595/147
f 299/595/148 300/597/148 302/601/148 301/599/148
f 301/599/149 302/601/149 304/605/149 303/603/149
f 303/603/150 304/605/150 306/609/150 305/607/150
f 305/607/151 306/609/151 308/613/151 307/611/151
f 307/611/152 308/613/152 310/617/152 309/615/152
f 309/615/153 310/617/153 312/621/153 311/619/153
f 311/619/154 312/621/154 314/625/154 313/623/154
f 313/623/155 314/625/155 316/629/155 315/627/155
f 315/627/156 316/629/156 318/634/156 317/631/156
f 260/518/157 258/513/157 320/637/157 318/633/157 316/630/157 314/626/157 312/622/157 310/618/157 308/614/157 306/610/157 304/606/157 302/602/157 300/598/157 298/594/157 296/590/157 294/586/157 292/582/157 290/578/157 288/574/157 286/570/157 284/566/157 282/562/157 280/558/157 278/554/157 276/550/157 274/546/157 272/542/157 270/538/157 268/534/157 266/530/157 264/526/157 262/522/157
f 317/631/158 318/634/158 320/638/158 319/635/158
f 319/635/159 320/638/159 258/514/159 257/510/159
f 257/511/160 259/516/160 261/520/160 263/524/160 265/528/160 267/532/160 269/536/160 271/540/160 273/544/160 275/548/160 277/552/160 279/556/160 281/560/160 283/564/160 285/568/160 287/572/160 289/576/160 291/580/160 293/584/160 295/588/160 297/592/160 299/596/160 301/600/160 303/604/160 305/608/160 307/612/160 309/616/160 311/620/160 313/624/160 315/628/160 317/632/160 319/636/160
o Куб.008
v -1.673568 0.012102 7.328054
v -1.673568 0.367564 7.328054
v -1.673568 0.012102 6.920216
v -1.673568 0.367564 6.920216
v 1.673568 0.012102 7.328054
v 1.673568 0.367564 7.328054
v 1.673568 0.012102 6.920216
v 1.673568 0.367564 6.920216
v -0.477710 0.367564 6.617818
v -0.477710 0.012102 6.617818
v 0.477710 0.012102 6.617818
v 0.477710 0.367564 6.617818
v 0.000000 0.367564 6.812034
v -0.224124 0.261204 7.197316
v -0.224124 12.789346 7.197316
v -0.224124 0.261204 6.749069
v -0.224124 12.789346 6.749069
v 0.224124 0.261204 7.197316
v 0.224124 12.789346 7.197316
v 0.224124 0.261204 6.749069
v 0.224124 12.789346 6.749069
v 1.673568 0.012102 -7.538067
v 1.673568 0.367564 -7.538067
v 1.673568 0.012102 -7.130229
v 1.673568 0.367564 -7.130229
v -1.673568 0.012102 -7.538068
v -1.673568 0.367564 -7.538068
v -1.673568 0.012102 -7.130229
v -1.673568 0.367564 -7.130229
v 0.477710 0.367564 -6.827831
v 0.477710 0.012102 -6.827831
v -0.477710 0.012102 -6.827831
v -0.477710 0.367564 -6.827831
v -0.000000 0.367564 -7.022047
v 0.224124 0.261204 -7.439010
v 0.224124 12.789346 -7.439010
v 0.224124 0.261204 -6.990763
v 0.224124 12.789346 -6.990763
v -0.224124 0.261204 -7.439010
v -0.224124 12.789346 -7.439010
v -0.224124 0.261204 -6.990763
v -0.224124 12.789346 -6.990763
vn -1.0000 -0.0000 -0.0000
vn 0.2452 -0.0000 -0.9695
vn 1.0000 -0.0000 -0.0000
vn -0.0000 -0.0000 1.0000
vn -0.0000 -1.0000 -0.0000
vn -0.0000 1.0000 -0.0000
vn -0.0000 -0.0000 -1.0000
vn -0.2452 -0.0000 -0.9695
vn -0.2452 -0.0000 0.9695
vn 0.2452 -0.0000 0.9695
vt 0.216396 0.996106
vt 0.584356 0.002866
vt 0.216396 0.971097
vt 0.368124 0.002866
vt 0.246445 0.996106
vt 0.584356 0.039106
vt 0.334060 0.971097
vt 0.246445 0.971097
vt 0.334060 0.996106
vt 0.368124 0.039106
vt 0.535848 0.996026
vt 0.035642 0.996106
vt 0.368124 0.002866
vt 0.535848 0.971177
vt 0.035642 0.971097
vt 0.584356 0.002866
vt 0.421674 0.971097
vt 0.509289 0.996106
vt 0.368124 0.039106
vt 0.421674 0.996106
vt 0.509289 0.971097
vt 0.584356 0.039106
vt 0.421674 0.996106
vt 0.246445 0.996106
vt 0.445379 0.065368
vt 0.421674 0.971097
vt 0.507101 0.056418
vt 0.246445 0.971097
vt 0.509289 0.971097
vt 0.334060 0.971097
vt 0.445379 0.056418
vt 0.509289 0.996106
vt 0.334060 0.996106
vt 0.507101 0.065368
vt 0.476240 0.048501
vt 0.990278 0.011228
vt 0.931143 0.011228
vt 0.143117 0.071558
vt 0.990278 0.986007
vt 0.931143 0.986007
vt 0.178897 0.035779
vt 0.960710 0.011228
vt 0.901576 0.011228
vt 0.143117 0.035779
vt 0.960710 0.986007
vt 0.901576 0.986007
vt 0.178897 0.000000
vt 0.901576 0.011228
vt 0.960710 0.011228
vt 0.178897 0.071558
vt 0.901576 0.986007
vt 0.960710 0.986007
vt 0.143117 0.035779
vt 0.872008 0.011228
vt 0.931143 0.011228
vt 0.178897 0.035779
vt 0.872008 0.986007
vt 0.931143 0.986007
vt 0.143117 0.000000
vt 0.216826 0.964768
vt 0.584191 0.075562
vt 0.216826 0.939758
vt 0.367958 0.075562
vt 0.246876 0.964768
vt 0.584191 0.111802
vt 0.334490 0.939758
vt 0.246876 0.939758
vt 0.334490 0.964768
vt 0.367958 0.111802
vt 0.536278 0.964687
vt 0.036072 0.964768
vt 0.367958 0.075562
vt 0.536278 0.939838
vt 0.036072 0.939758
vt 0.584191 0.075562
vt 0.422105 0.939758
vt 0.509719 0.964768
vt 0.367958 0.111802
vt 0.422105 0.964768
vt 0.509719 0.939758
vt 0.584191 0.111802
vt 0.422105 0.964768
vt 0.246876 0.964768
vt 0.445214 0.138064
vt 0.422105 0.939758
vt 0.506936 0.129114
vt 0.246876 0.939758
vt 0.509719 0.939758
vt 0.334490 0.939758
vt 0.445214 0.129114
vt 0.509719 0.964768
vt 0.334490 0.964768
vt 0.506936 0.138064
vt 0.476075 0.121197
vt 0.864896 0.010877
vt 0.805762 0.010877
vt 0.165780 0.921491
vt 0.864896 0.985657
vt 0.805762 0.985657
vt 0.201559 0.885712
vt 0.835329 0.010877
vt 0.776194 0.010877
vt 0.165780 0.885712
vt 0.835329 0.985657
vt 0.776194 0.985657
vt 0.201559 0.849932
vt 0.776194 0.010877
vt 0.835329 0.010877
vt 0.201559 0.921491
vt 0.776194 0.985657
vt 0.835329 0.985657
vt 0.165780 0.885712
vt 0.746627 0.010877
vt 0.805762 0.010877
vt 0.201559 0.885712
vt 0.746627 0.985657
vt 0.805762 0.985657
vt 0.165780 0.849932
s 0
usemtl Материал
f 321/639/161 322/641/161 324/646/161 323/643/161
f 328/658/162 327/655/162 331/667/162 332/670/162
f 327/656/163 328/659/163 326/652/163 325/649/163
f 325/650/164 326/653/164 322/641/164 321/639/164
f 323/644/165 327/657/165 325/651/165 321/640/165
f 328/660/166 324/648/166 322/642/166 326/654/166
f 330/664/167 329/661/167 332/671/167 331/668/167
f 327/657/165 323/644/165 330/665/165 331/669/165
f 323/645/168 324/647/168 329/662/168 330/666/168
f 324/648/166 328/660/166 333/673/166
f 328/660/166 332/672/166 333/673/166
f 332/672/166 329/663/166 333/673/166
f 329/663/166 324/648/166 333/673/166
f 334/674/161 335/677/161 337/683/161 336/680/161
f 336/681/167 337/684/167 341/695/167 340/692/167
f 340/693/163 341/696/163 339/689/163 338/686/163
f 338/687/164 339/690/164 335/678/164 334/675/164
f 336/682/165 340/694/165 338/688/165 334/676/165
f 341/697/166 337/685/166 335/679/166 339/691/166
f 342/698/163 343/700/163 345/705/163 344/702/163
f 349/717/169 348/714/169 352/726/169 353/729/169
f 348/715/161 349/718/161 347/711/161 346/708/161
f 346/709/167 347/712/167 343/700/167 342/698/167
f 344/703/165 348/716/165 346/710/165 342/699/165
f 349/719/166 345/707/166 343/701/166 347/713/166
f 351/723/164 350/720/164 353/730/164 352/727/164
f 348/716/165 344/703/165 351/724/165 352/728/165
f 344/704/170 345/706/170 350/721/170 351/725/170
f 345/707/166 349/719/166 354/732/166
f 349/719/166 353/731/166 354/732/166
f 353/731/166 350/722/166 354/732/166
f 350/722/166 345/707/166 354/732/166
f 355/733/163 356/736/163 358/742/163 357/739/163
f 357/740/164 358/743/164 362/754/164 361/751/164
f 361/752/161 362/755/161 360/748/161 359/745/161
f 359/746/167 360/749/167 356/737/167 355/734/167
f 357/741/165 361/753/165 359/747/165 355/735/165
f 362/756/166 358/744/166 356/738/166 360/750/166
o Цилиндр.003
v -0.107317 14.122640 -8.018612
v 0.102231 14.122640 -8.018612
v -0.107317 13.965028 -8.003088
v 0.102231 13.965029 -8.003088
v -0.107317 13.813474 -7.957115
v 0.102231 13.813474 -7.957115
v -0.107317 13.673800 -7.882458
v 0.102231 13.673800 -7.882458
v -0.107317 13.551375 -7.781986
v 0.102231 13.551375 -7.781986
v -0.107317 13.450904 -7.659562
v 0.102231 13.450904 -7.659562
v -0.107317 13.376247 -7.519888
v 0.102231 13.376247 -7.519888
v -0.107317 13.330274 -7.368333
v 0.102231 13.330274 -7.368333
v -0.107317 13.314750 -7.210722
v 0.102231 13.314750 -7.210722
v -0.107317 13.330274 -7.053111
v 0.102231 13.330274 -7.053111
v -0.107317 13.376247 -6.901556
v 0.102231 13.376247 -6.901556
v -0.107317 13.450904 -6.761882
v 0.102231 13.450904 -6.761882
v -0.107317 13.551375 -6.639458
v 0.102231 13.551375 -6.639458
v -0.107317 13.673800 -6.538986
v 0.102231 13.673800 -6.538986
v -0.107317 13.813474 -6.464329
v 0.102231 13.813474 -6.464329
v -0.107317 13.965028 -6.418355
v 0.102231 13.965029 -6.418355
v -0.107317 14.122640 -6.402832
v 0.102231 14.122640 -6.402832
v -0.107317 14.280252 -6.418355
v 0.102231 14.280252 -6.418355
v -0.107317 14.431806 -6.464329
v 0.102231 14.431806 -6.464329
v -0.107317 14.571480 -6.538986
v 0.102231 14.571480 -6.538986
v -0.107317 14.693904 -6.639458
v 0.102231 14.693904 -6.639458
v -0.107317 14.794375 -6.761882
v 0.102231 14.794375 -6.761882
v -0.107317 14.869033 -6.901556
v 0.102231 14.869033 -6.901556
v -0.107317 14.915007 -7.053111
v 0.102231 14.915007 -7.053111
v -0.107317 14.930530 -7.210722
v 0.102231 14.930530 -7.210722
v -0.107317 14.915007 -7.368333
v 0.102231 14.915007 -7.368333
v -0.107317 14.869033 -7.519888
v 0.102231 14.869033 -7.519888
v -0.107317 14.794375 -7.659562
v 0.102231 14.794375 -7.659562
v -0.107317 14.693904 -7.781986
v 0.102231 14.693904 -7.781986
v -0.107317 14.571480 -7.882458
v 0.102231 14.571480 -7.882458
v -0.107317 14.431806 -7.957115
v 0.102231 14.431806 -7.957115
v -0.107317 14.280252 -8.003088
v 0.102231 14.280252 -8.003088
v -0.185490 14.122640 -8.210722
v -0.185490 13.927549 -8.191507
v 0.185490 13.927549 -8.191507
v 0.185489 14.122640 -8.210722
v -0.185490 13.739956 -8.134602
v 0.185490 13.739956 -8.134602
v -0.185490 13.567069 -8.042192
v 0.185490 13.567069 -8.042192
v -0.185490 13.415533 -7.917829
v 0.185490 13.415533 -7.917829
v -0.185490 13.291170 -7.766292
v 0.185490 13.291170 -7.766292
v -0.185489 13.198760 -7.593405
v 0.185490 13.198760 -7.593405
v -0.185489 13.141854 -7.405812
v 0.185490 13.141854 -7.405812
v -0.185489 13.122640 -7.210722
v 0.185490 13.122640 -7.210722
v -0.185489 13.141854 -7.015632
v 0.185490 13.141854 -7.015632
v -0.185489 13.198760 -6.828039
v 0.185490 13.198760 -6.828039
v -0.185489 13.291170 -6.655152
v 0.185490 13.291170 -6.655152
v -0.185489 13.415533 -6.503615
v 0.185490 13.415533 -6.503615
v -0.185489 13.567069 -6.379252
v 0.185490 13.567069 -6.379252
v -0.185489 13.739956 -6.286842
v 0.185490 13.739956 -6.286842
v -0.185489 13.927549 -6.229937
v 0.185490 13.927549 -6.229937
v -0.185489 14.122640 -6.210722
v 0.185490 14.122640 -6.210722
v -0.185490 14.317730 -6.229937
v 0.185490 14.317730 -6.229937
v -0.185490 14.505323 -6.286842
v 0.185490 14.505323 -6.286842
v -0.185490 14.678210 -6.379252
v 0.185490 14.678210 -6.379252
v -0.185490 14.829746 -6.503615
v 0.185490 14.829746 -6.503615
v -0.185490 14.954109 -6.655152
v 0.185490 14.954109 -6.655152
v -0.185490 15.046519 -6.828039
v 0.185489 15.046519 -6.828039
v -0.185490 15.103425 -7.015632
v 0.185489 15.103425 -7.015632
v -0.185490 15.122640 -7.210722
v 0.185489 15.122640 -7.210722
v -0.185490 15.103425 -7.405812
v 0.185489 15.103425 -7.405812
v -0.185490 15.046519 -7.593405
v 0.185489 15.046519 -7.593405
v -0.185490 14.954109 -7.766292
v 0.185489 14.954109 -7.766292
v -0.185490 14.829746 -7.917829
v 0.185489 14.829746 -7.917829
v -0.185490 14.678210 -8.042192
v 0.185489 14.678210 -8.042192
v -0.185490 14.505323 -8.134602
v 0.185489 14.505323 -8.134602
v -0.185490 14.317730 -8.191507
v 0.185489 14.317730 -8.191507
v -0.185490 14.122640 -8.094890
v -0.185490 13.950147 -8.077901
v 0.185490 13.950147 -8.077901
v 0.185489 14.122640 -8.094890
v -0.185490 13.784284 -8.027586
v 0.185490 13.784284 -8.027586
v -0.185490 13.631422 -7.945880
v 0.185490 13.631422 -7.945880
v -0.185490 13.497438 -7.835923
v 0.185490 13.497438 -7.835923
v -0.185490 13.387481 -7.701939
v 0.185490 13.387481 -7.701939
v -0.185489 13.305775 -7.549078
v 0.185490 13.305776 -7.549078
v -0.185489 13.255461 -7.383214
v 0.185490 13.255461 -7.383214
v -0.185489 13.238472 -7.210722
v 0.185490 13.238472 -7.210722
v -0.185489 13.255461 -7.038229
v 0.185490 13.255461 -7.038229
v -0.185489 13.305775 -6.872365
v 0.185490 13.305776 -6.872365
v -0.185489 13.387481 -6.719505
v 0.185490 13.387481 -6.719505
v -0.185489 13.497438 -6.585521
v 0.185490 13.497438 -6.585521
v -0.185489 13.631422 -6.475564
v 0.185490 13.631422 -6.475564
v -0.185489 13.784284 -6.393857
v 0.185490 13.784284 -6.393857
v -0.185489 13.950147 -6.343543
v 0.185490 13.950147 -6.343543
v -0.185489 14.122640 -6.326554
v 0.185490 14.122640 -6.326554
v -0.185490 14.295133 -6.343543
v 0.185490 14.295133 -6.343543
v -0.185490 14.460996 -6.393857
v 0.185490 14.460996 -6.393857
v -0.185490 14.613857 -6.475564
v 0.185490 14.613857 -6.475564
v -0.185490 14.747841 -6.585521
v 0.185490 14.747841 -6.585521
v -0.185490 14.857799 -6.719505
v 0.185490 14.857799 -6.719505
v -0.185490 14.939504 -6.872365
v 0.185489 14.939505 -6.872365
v -0.185490 14.989819 -7.038229
v 0.185489 14.989819 -7.038229
v -0.185490 15.006807 -7.210722
v 0.185489 15.006807 -7.210722
v -0.185490 14.989819 -7.383214
v 0.185489 14.989819 -7.383214
v -0.185490 14.939504 -7.549078
v 0.185489 14.939505 -7.549078
v -0.185490 14.857799 -7.701939
v 0.185489 14.857799 -7.701939
v -0.185490 14.747841 -7.835923
v 0.185489 14.747841 -7.835923
v -0.185490 14.613857 -7.945880
v 0.185489 14.613857 -7.945880
v -0.185490 14.460996 -8.027586
v 0.185489 14.460996 -8.027586
v -0.185490 14.295133 -8.077901
v 0.185489 14.295133 -8.077901
v 0.228784 14.122640 -7.210722
v 0.228784 14.046808 -7.591951
v 0.151403 13.965029 -8.003088
v 0.218417 14.005919 -7.797520
v 0.190093 13.975985 -7.948007
v 0.151403 14.122640 -8.018612
v 0.228784 14.122640 -7.599420
v 0.190093 14.122640 -7.962451
v 0.218417 14.122640 -7.809016
v 0.228784 13.973891 -7.569832
v 0.151403 13.813474 -7.957115
v 0.218417 13.893682 -7.763474
v 0.190093 13.834966 -7.905229
v 0.228784 13.906691 -7.533912
v 0.151403 13.673800 -7.882458
v 0.218417 13.790246 -7.708185
v 0.190093 13.705002 -7.835762
v 0.228784 13.847789 -7.485573
v 0.151403 13.551375 -7.781986
v 0.218417 13.699582 -7.633780
v 0.190093 13.591087 -7.742274
v 0.228784 13.799450 -7.426671
v 0.151403 13.450904 -7.659562
v 0.218417 13.625176 -7.543116
v 0.190093 13.497601 -7.628360
v 0.228784 13.763530 -7.359470
v 0.151403 13.376247 -7.519888
v 0.218417 13.569888 -7.439679
v 0.190093 13.428133 -7.498396
v 0.228784 13.741411 -7.286553
v 0.151403 13.330274 -7.368333
v 0.218417 13.535842 -7.327443
v 0.190093 13.385355 -7.357377
v 0.228784 13.733942 -7.210722
v 0.151403 13.314750 -7.210722
v 0.218417 13.524346 -7.210722
v 0.190094 13.370911 -7.210722
v 0.228784 13.741411 -7.134891
v 0.151403 13.330274 -7.053111
v 0.218417 13.535842 -7.094001
v 0.190094 13.385355 -7.064067
v 0.228784 13.763530 -7.061974
v 0.151403 13.376247 -6.901556
v 0.218417 13.569888 -6.981765
v 0.190094 13.428133 -6.923048
v 0.228784 13.799450 -6.994773
v 0.151403 13.450904 -6.761882
v 0.218417 13.625176 -6.878328
v 0.190094 13.497601 -6.793084
v 0.228784 13.847789 -6.935871
v 0.151403 13.551375 -6.639458
v 0.218417 13.699582 -6.787664
v 0.190094 13.591087 -6.679170
v 0.228784 13.906691 -6.887532
v 0.151403 13.673800 -6.538986
v 0.218417 13.790246 -6.713259
v 0.190094 13.705002 -6.585682
v 0.228784 13.973891 -6.851612
v 0.151403 13.813474 -6.464329
v 0.218417 13.893682 -6.657970
v 0.190094 13.834966 -6.516215
v 0.228784 14.046808 -6.829493
v 0.151403 13.965029 -6.418355
v 0.218417 14.005919 -6.623924
v 0.190093 13.975985 -6.473437
v 0.228784 14.122640 -6.822024
v 0.151403 14.122640 -6.402832
v 0.218417 14.122640 -6.612428
v 0.190093 14.122640 -6.458993
v 0.228784 14.198471 -6.829493
v 0.151403 14.280252 -6.418355
v 0.218417 14.239361 -6.623924
v 0.190093 14.269295 -6.473437
v 0.228784 14.271388 -6.851612
v 0.151403 14.431806 -6.464329
v 0.218417 14.351597 -6.657970
v 0.190093 14.410314 -6.516215
v 0.228784 14.338589 -6.887532
v 0.151403 14.571480 -6.538986
v 0.218417 14.455034 -6.713259
v 0.190093 14.540277 -6.585682
v 0.228784 14.397491 -6.935871
v 0.151403 14.693904 -6.639458
v 0.218417 14.545697 -6.787664
v 0.190093 14.654192 -6.679170
v 0.228784 14.445830 -6.994773
v 0.151403 14.794375 -6.761882
v 0.218417 14.620103 -6.878328
v 0.190093 14.747680 -6.793084
v 0.228784 14.481750 -7.061974
v 0.151403 14.869033 -6.901556
v 0.218417 14.675391 -6.981765
v 0.190093 14.817146 -6.923048
v 0.228784 14.503869 -7.134891
v 0.151403 14.915007 -7.053111
v 0.218417 14.709437 -7.094001
v 0.190093 14.859924 -7.064067
v 0.228784 14.511337 -7.210722
v 0.151403 14.930530 -7.210722
v 0.218417 14.720934 -7.210722
v 0.190093 14.874369 -7.210722
v 0.228784 14.503869 -7.286553
v 0.151402 14.915007 -7.368333
v 0.218417 14.709437 -7.327443
v 0.190093 14.859924 -7.357377
v 0.228784 14.481750 -7.359470
v 0.151402 14.869033 -7.519888
v 0.218417 14.675391 -7.439679
v 0.190093 14.817146 -7.498396
v 0.228784 14.445830 -7.426671
v 0.151402 14.794375 -7.659562
v 0.218417 14.620103 -7.543116
v 0.190093 14.747680 -7.628360
v 0.228784 14.397491 -7.485573
v 0.151402 14.693904 -7.781986
v 0.218417 14.545697 -7.633780
v 0.190093 14.654192 -7.742274
v 0.228784 14.338589 -7.533912
v 0.151402 14.571480 -7.882458
v 0.218417 14.455034 -7.708185
v 0.190093 14.540277 -7.835762
v 0.228784 14.271388 -7.569832
v 0.151403 14.431806 -7.957115
v 0.218417 14.351597 -7.763474
v 0.190093 14.410314 -7.905229
v 0.228784 14.198471 -7.591951
v 0.151403 14.280252 -8.003088
v 0.218417 14.239361 -7.797520
v 0.190093 14.269295 -7.948007
v -0.220169 14.122640 -7.210722
v -0.220169 14.122640 -7.664559
v -0.154812 14.122640 -8.018612
v -0.211413 14.122640 -7.841586
v -0.187491 14.122640 -7.971178
v -0.154812 13.965028 -8.003088
v -0.220169 14.034101 -7.655839
v -0.187491 13.974282 -7.956566
v -0.211413 13.999564 -7.829464
v -0.154812 13.813474 -7.957115
v -0.220169 13.948963 -7.630013
v -0.187491 13.831626 -7.913291
v -0.211413 13.881219 -7.793564
v -0.154812 13.673800 -7.882458
v -0.220169 13.870502 -7.588074
v -0.187491 13.700153 -7.843018
v -0.211413 13.772151 -7.735266
v -0.154812 13.551375 -7.781986
v -0.220169 13.801728 -7.531633
v -0.187491 13.584916 -7.748446
v -0.211413 13.676552 -7.656810
v -0.154812 13.450904 -7.659562
v -0.220169 13.745288 -7.462861
v -0.187491 13.490344 -7.633209
v -0.211413 13.598096 -7.561211
v -0.154812 13.376246 -7.519888
v -0.220169 13.703348 -7.384398
v -0.187491 13.420071 -7.501736
v -0.211413 13.539798 -7.452143
v -0.154812 13.330274 -7.368333
v -0.220169 13.677523 -7.299261
v -0.187491 13.376796 -7.359079
v -0.211413 13.503898 -7.333797
v -0.154812 13.314750 -7.210722
v -0.220169 13.668802 -7.210722
v -0.187491 13.362184 -7.210722
v -0.211413 13.491776 -7.210722
v -0.154812 13.330274 -7.053111
v -0.220169 13.677523 -7.122183
v -0.187491 13.376796 -7.062365
v -0.211413 13.503898 -7.087646
v -0.154812 13.376246 -6.901556
v -0.220169 13.703348 -7.037046
v -0.187491 13.420071 -6.919708
v -0.211413 13.539798 -6.969301
v -0.154812 13.450904 -6.761882
v -0.220169 13.745288 -6.958583
v -0.187491 13.490344 -6.788235
v -0.211413 13.598096 -6.860233
v -0.154812 13.551375 -6.639458
v -0.220169 13.801728 -6.889811
v -0.187491 13.584916 -6.672998
v -0.211413 13.676552 -6.764634
v -0.154812 13.673800 -6.538986
v -0.220169 13.870502 -6.833370
v -0.187491 13.700153 -6.578426
v -0.211413 13.772151 -6.686178
v -0.154812 13.813474 -6.464329
v -0.220169 13.948963 -6.791430
v -0.187491 13.831626 -6.508152
v -0.211413 13.881219 -6.627880
v -0.154812 13.965028 -6.418355
v -0.220169 14.034101 -6.765605
v -0.187491 13.974282 -6.464878
v -0.211413 13.999564 -6.591980
v -0.154812 14.122640 -6.402832
v -0.220169 14.122640 -6.756885
v -0.187491 14.122640 -6.450266
v -0.211413 14.122640 -6.579858
v -0.154812 14.280252 -6.418355
v -0.220169 14.211179 -6.765605
v -0.187491 14.270997 -6.464878
v -0.211413 14.245715 -6.591980
v -0.154812 14.431806 -6.464329
v -0.220169 14.296316 -6.791430
v -0.187491 14.413653 -6.508152
v -0.211413 14.364060 -6.627880
v -0.154812 14.571480 -6.538986
v -0.220169 14.374779 -6.833370
v -0.187491 14.545126 -6.578426
v -0.211413 14.473129 -6.686178
v -0.154812 14.693904 -6.639458
v -0.220169 14.443551 -6.889811
v -0.187491 14.660363 -6.672998
v -0.211413 14.568727 -6.764634
v -0.154812 14.794375 -6.761882
v -0.220169 14.499992 -6.958583
v -0.187491 14.754935 -6.788235
v -0.211413 14.647183 -6.860233
v -0.154812 14.869033 -6.901556
v -0.220169 14.541931 -7.037046
v -0.187491 14.825210 -6.919708
v -0.211413 14.705482 -6.969301
v -0.154812 14.915007 -7.053111
v -0.220169 14.567757 -7.122183
v -0.187491 14.868484 -7.062365
v -0.211413 14.741382 -7.087646
v -0.154812 14.930530 -7.210722
v -0.220169 14.576477 -7.210722
v -0.187491 14.883096 -7.210722
v -0.211413 14.753504 -7.210722
v -0.154813 14.915007 -7.368333
v -0.220169 14.567757 -7.299261
v -0.187491 14.868484 -7.359079
v -0.211413 14.741382 -7.333797
v -0.154813 14.869033 -7.519888
v -0.220169 14.541931 -7.384398
v -0.187491 14.825210 -7.501736
v -0.211413 14.705482 -7.452143
v -0.154813 14.794375 -7.659562
v -0.220169 14.499992 -7.462861
v -0.187491 14.754935 -7.633208
v -0.211413 14.647183 -7.561211
v -0.154813 14.693904 -7.781986
v -0.220169 14.443551 -7.531633
v -0.187491 14.660363 -7.748446
v -0.211413 14.568727 -7.656810
v -0.154813 14.571480 -7.882458
v -0.220169 14.374779 -7.588074
v -0.187491 14.545126 -7.843018
v -0.211413 14.473129 -7.735266
v -0.154812 14.431806 -7.957115
v -0.220169 14.296316 -7.630013
v -0.187491 14.413653 -7.913291
v -0.211413 14.364060 -7.793564
v -0.154812 14.280252 -8.003088
v -0.220169 14.211179 -7.655839
v -0.187491 14.270997 -7.956566
v -0.211413 14.245715 -7.829464
v -0.107317 14.122640 6.165302
v 0.102231 14.122640 6.165302
v -0.107317 13.965028 6.180826
v 0.102231 13.965029 6.180826
v -0.107317 13.813474 6.226799
v 0.102231 13.813474 6.226799
v -0.107317 13.673800 6.301456
v 0.102231 13.673800 6.301456
v -0.107317 13.551375 6.401928
v 0.102231 13.551375 6.401928
v -0.107317 13.450904 6.524353
v 0.102231 13.450904 6.524353
v -0.107317 13.376247 6.664026
v 0.102231 13.376247 6.664026
v -0.107317 13.330274 6.815580
v 0.102231 13.330274 6.815580
v -0.107317 13.314750 6.973192
v 0.102231 13.314750 6.973192
v -0.107317 13.330274 7.130804
v 0.102231 13.330274 7.130804
v -0.107317 13.376247 7.282358
v 0.102231 13.376247 7.282358
v -0.107317 13.450904 7.422031
v 0.102231 13.450904 7.422031
v -0.107317 13.551375 7.544456
v 0.102231 13.551375 7.544456
v -0.107317 13.673800 7.644928
v 0.102231 13.673800 7.644928
v -0.107317 13.813474 7.719585
v 0.102231 13.813474 7.719585
v -0.107317 13.965028 7.765558
v 0.102231 13.965029 7.765558
v -0.107317 14.122640 7.781082
v 0.102231 14.122640 7.781082
v -0.107317 14.280252 7.765558
v 0.102231 14.280252 7.765558
v -0.107317 14.431806 7.719585
v 0.102231 14.431806 7.719585
v -0.107317 14.571480 7.644928
v 0.102231 14.571480 7.644928
v -0.107317 14.693904 7.544456
v 0.102231 14.693904 7.544456
v -0.107317 14.794375 7.422031
v 0.102231 14.794375 7.422031
v -0.107317 14.869033 7.282358
v 0.102231 14.869033 7.282358
v -0.107317 14.915007 7.130804
v 0.102231 14.915007 7.130804
v -0.107317 14.930530 6.973192
v 0.102231 14.930530 6.973192
v -0.107317 14.915007 6.815580
v 0.102231 14.915007 6.815580
v -0.107317 14.869033 6.664026
v 0.102231 14.869033 6.664026
v -0.107317 14.794375 6.524353
v 0.102231 14.794375 6.524353
v -0.107317 14.693904 6.401928
v 0.102231 14.693904 6.401928
v -0.107317 14.571480 6.301456
v 0.102231 14.571480 6.301456
v -0.107317 14.431806 6.226799
v 0.102231 14.431806 6.226799
v -0.107317 14.280252 6.180826
v 0.102231 14.280252 6.180826
v -0.185490 14.122640 5.973192
v -0.185490 13.927549 5.992407
v 0.185490 13.927549 5.992407
v 0.185489 14.122640 5.973192
v -0.185490 13.739956 6.049313
v 0.185490 13.739956 6.049313
v -0.185490 13.567069 6.141723
v 0.185490 13.567069 6.141723
v -0.185490 13.415533 6.266086
v 0.185490 13.415533 6.266086
v -0.185490 13.291170 6.417622
v 0.185490 13.291170 6.417622
v -0.185489 13.198760 6.590508
v 0.185490 13.198760 6.590508
v -0.185489 13.141854 6.778102
v 0.185490 13.141854 6.778102
v -0.185489 13.122640 6.973192
v 0.185490 13.122640 6.973192
v -0.185489 13.141854 7.168283
v 0.185490 13.141854 7.168283
v -0.185489 13.198760 7.355876
v 0.185490 13.198760 7.355876
v -0.185489 13.291170 7.528763
v 0.185490 13.291170 7.528763
v -0.185489 13.415533 7.680299
v 0.185490 13.415533 7.680299
v -0.185489 13.567069 7.804662
v 0.185490 13.567069 7.804662
v -0.185489 13.739956 7.897072
v 0.185490 13.739956 7.897072
v -0.185489 13.927549 7.953978
v 0.185490 13.927549 7.953978
v -0.185489 14.122640 7.973192
v 0.185490 14.122640 7.973192
v -0.185490 14.317730 7.953978
v 0.185490 14.317730 7.953978
v -0.185490 14.505323 7.897072
v 0.185490 14.505323 7.897072
v -0.185490 14.678210 7.804662
v 0.185490 14.678210 7.804662
v -0.185490 14.829746 7.680299
v 0.185490 14.829746 7.680299
v -0.185490 14.954109 7.528763
v 0.185490 14.954109 7.528763
v -0.185490 15.046519 7.355876
v 0.185489 15.046519 7.355876
v -0.185490 15.103425 7.168283
v 0.185489 15.103425 7.168283
v -0.185490 15.122640 6.973192
v 0.185489 15.122640 6.973192
v -0.185490 15.103425 6.778102
v 0.185489 15.103425 6.778102
v -0.185490 15.046519 6.590508
v 0.185489 15.046519 6.590508
v -0.185490 14.954109 6.417622
v 0.185489 14.954109 6.417622
v -0.185490 14.829746 6.266086
v 0.185489 14.829746 6.266086
v -0.185490 14.678210 6.141723
v 0.185489 14.678210 6.141723
v -0.185490 14.505323 6.049313
v 0.185489 14.505323 6.049313
v -0.185490 14.317730 5.992407
v 0.185489 14.317730 5.992407
v -0.185490 14.122640 6.089025
v -0.185490 13.950147 6.106013
v 0.185490 13.950147 6.106013
v 0.185489 14.122640 6.089025
v -0.185490 13.784284 6.156328
v 0.185490 13.784284 6.156328
v -0.185490 13.631422 6.238033
v 0.185490 13.631422 6.238033
v -0.185490 13.497438 6.347991
v 0.185490 13.497438 6.347991
v -0.185490 13.387481 6.481975
v 0.185490 13.387481 6.481975
v -0.185489 13.305775 6.634836
v 0.185490 13.305776 6.634836
v -0.185489 13.255461 6.800699
v 0.185490 13.255461 6.800699
v -0.185489 13.238472 6.973192
v 0.185490 13.238472 6.973192
v -0.185489 13.255461 7.145685
v 0.185490 13.255461 7.145685
v -0.185489 13.305775 7.311548
v 0.185490 13.305776 7.311548
v -0.185489 13.387481 7.464410
v 0.185490 13.387481 7.464410
v -0.185489 13.497438 7.598393
v 0.185490 13.497438 7.598393
v -0.185489 13.631422 7.708351
v 0.185490 13.631422 7.708351
v -0.185489 13.784284 7.790056
v 0.185490 13.784284 7.790056
v -0.185489 13.950147 7.840371
v 0.185490 13.950147 7.840371
v -0.185489 14.122640 7.857360
v 0.185490 14.122640 7.857360
v -0.185490 14.295133 7.840371
v 0.185490 14.295133 7.840371
v -0.185490 14.460996 7.790056
v 0.185490 14.460996 7.790056
v -0.185490 14.613857 7.708351
v 0.185490 14.613857 7.708351
v -0.185490 14.747841 7.598393
v 0.185490 14.747841 7.598393
v -0.185490 14.857799 7.464410
v 0.185490 14.857799 7.464410
v -0.185490 14.939504 7.311548
v 0.185489 14.939505 7.311548
v -0.185490 14.989819 7.145685
v 0.185489 14.989819 7.145685
v -0.185490 15.006807 6.973192
v 0.185489 15.006807 6.973192
v -0.185490 14.989819 6.800699
v 0.185489 14.989819 6.800699
v -0.185490 14.939504 6.634836
v 0.185489 14.939505 6.634836
v -0.185490 14.857799 6.481975
v 0.185489 14.857799 6.481975
v -0.185490 14.747841 6.347991
v 0.185489 14.747841 6.347991
v -0.185490 14.613857 6.238033
v 0.185489 14.613857 6.238033
v -0.185490 14.460996 6.156328
v 0.185489 14.460996 6.156328
v -0.185490 14.295133 6.106013
v 0.185489 14.295133 6.106013
v 0.228784 14.122640 6.973192
v 0.228784 14.046808 6.591963
v 0.151403 13.965029 6.180826
v 0.218417 14.005919 6.386395
v 0.190093 13.975985 6.235908
v 0.151403 14.122640 6.165302
v 0.228784 14.122640 6.584495
v 0.190093 14.122640 6.221463
v 0.218417 14.122640 6.374899
v 0.228784 13.973891 6.614082
v 0.151403 13.813474 6.226799
v 0.218417 13.893682 6.420441
v 0.190093 13.834966 6.278686
v 0.228784 13.906691 6.650002
v 0.151403 13.673800 6.301456
v 0.218417 13.790246 6.475729
v 0.190093 13.705002 6.348152
v 0.228784 13.847789 6.698341
v 0.151403 13.551375 6.401928
v 0.218417 13.699582 6.550135
v 0.190093 13.591087 6.441640
v 0.228784 13.799450 6.757243
v 0.151403 13.450904 6.524353
v 0.218417 13.625176 6.640798
v 0.190093 13.497601 6.555554
v 0.228784 13.763530 6.824444
v 0.151403 13.376247 6.664026
v 0.218417 13.569888 6.744235
v 0.190093 13.428133 6.685518
v 0.228784 13.741411 6.897361
v 0.151403 13.330274 6.815580
v 0.218417 13.535842 6.856471
v 0.190093 13.385355 6.826537
v 0.228784 13.733942 6.973192
v 0.151403 13.314750 6.973192
v 0.218417 13.524346 6.973192
v 0.190094 13.370911 6.973192
v 0.228784 13.741411 7.049024
v 0.151403 13.330274 7.130804
v 0.218417 13.535842 7.089913
v 0.190094 13.385355 7.119847
v 0.228784 13.763530 7.121941
v 0.151403 13.376247 7.282358
v 0.218417 13.569888 7.202149
v 0.190094 13.428133 7.260866
v 0.228784 13.799450 7.189141
v 0.151403 13.450904 7.422031
v 0.218417 13.625176 7.305587
v 0.190094 13.497601 7.390830
v 0.228784 13.847789 7.248043
v 0.151403 13.551375 7.544456
v 0.218417 13.699582 7.396250
v 0.190094 13.591087 7.504745
v 0.228784 13.906691 7.296383
v 0.151403 13.673800 7.644928
v 0.218417 13.790246 7.470655
v 0.190094 13.705002 7.598232
v 0.228784 13.973891 7.332302
v 0.151403 13.813474 7.719585
v 0.218417 13.893682 7.525944
v 0.190094 13.834966 7.667699
v 0.228784 14.046808 7.354422
v 0.151403 13.965029 7.765558
v 0.218417 14.005919 7.559990
v 0.190093 13.975985 7.710477
v 0.228784 14.122640 7.361890
v 0.151403 14.122640 7.781082
v 0.218417 14.122640 7.571486
v 0.190093 14.122640 7.724921
v 0.228784 14.198471 7.354422
v 0.151403 14.280252 7.765558
v 0.218417 14.239361 7.559990
v 0.190093 14.269295 7.710477
v 0.228784 14.271388 7.332302
v 0.151403 14.431806 7.719585
v 0.218417 14.351597 7.525944
v 0.190093 14.410314 7.667699
v 0.228784 14.338589 7.296383
v 0.151403 14.571480 7.644928
v 0.218417 14.455034 7.470655
v 0.190093 14.540277 7.598232
v 0.228784 14.397491 7.248043
v 0.151403 14.693904 7.544456
v 0.218417 14.545697 7.396250
v 0.190093 14.654192 7.504745
v 0.228784 14.445830 7.189141
v 0.151403 14.794375 7.422031
v 0.218417 14.620103 7.305587
v 0.190093 14.747680 7.390830
v 0.228784 14.481750 7.121941
v 0.151403 14.869033 7.282358
v 0.218417 14.675391 7.202149
v 0.190093 14.817146 7.260866
v 0.228784 14.503869 7.049024
v 0.151403 14.915007 7.130804
v 0.218417 14.709437 7.089913
v 0.190093 14.859924 7.119847
v 0.228784 14.511337 6.973192
v 0.151403 14.930530 6.973192
v 0.218417 14.720934 6.973192
v 0.190093 14.874369 6.973192
v 0.228784 14.503869 6.897361
v 0.151403 14.915007 6.815580
v 0.218417 14.709437 6.856471
v 0.190093 14.859924 6.826537
v 0.228784 14.481750 6.824444
v 0.151402 14.869033 6.664026
v 0.218417 14.675391 6.744235
v 0.190093 14.817146 6.685518
v 0.228784 14.445830 6.757243
v 0.151402 14.794375 6.524353
v 0.218417 14.620103 6.640798
v 0.190093 14.747680 6.555554
v 0.228784 14.397491 6.698341
v 0.151402 14.693904 6.401928
v 0.218417 14.545697 6.550135
v 0.190093 14.654192 6.441640
v 0.228784 14.338589 6.650002
v 0.151403 14.571480 6.301456
v 0.218417 14.455034 6.475729
v 0.190093 14.540277 6.348152
v 0.228784 14.271388 6.614082
v 0.151403 14.431806 6.226799
v 0.218417 14.351597 6.420441
v 0.190093 14.410314 6.278686
v 0.228784 14.198471 6.591963
v 0.151403 14.280252 6.180826
v 0.218417 14.239361 6.386395
v 0.190093 14.269295 6.235908
v -0.220169 14.122640 6.973192
v -0.220169 14.122640 6.519355
v -0.154812 14.122640 6.165302
v -0.211413 14.122640 6.342329
v -0.187491 14.122640 6.212736
v -0.154812 13.965028 6.180826
v -0.220169 14.034101 6.528075
v -0.187491 13.974282 6.227348
v -0.211413 13.999564 6.354450
v -0.154812 13.813474 6.226799
v -0.220169 13.948963 6.553901
v -0.187491 13.831626 6.270622
v -0.211413 13.881219 6.390350
v -0.154812 13.673800 6.301456
v -0.220169 13.870502 6.595840
v -0.187491 13.700153 6.340897
v -0.211413 13.772151 6.448648
v -0.154812 13.551375 6.401928
v -0.220169 13.801728 6.652281
v -0.187491 13.584916 6.435469
v -0.211413 13.676552 6.527104
v -0.154812 13.450904 6.524353
v -0.220169 13.745288 6.721054
v -0.187491 13.490344 6.550706
v -0.211413 13.598096 6.622704
v -0.154812 13.376246 6.664026
v -0.220169 13.703348 6.799516
v -0.187491 13.420071 6.682178
v -0.211413 13.539798 6.731771
v -0.154812 13.330274 6.815580
v -0.220169 13.677523 6.884653
v -0.187491 13.376796 6.824835
v -0.211413 13.503898 6.850117
v -0.154812 13.314750 6.973192
v -0.220169 13.668802 6.973192
v -0.187491 13.362184 6.973192
v -0.211413 13.491776 6.973192
v -0.154812 13.330274 7.130804
v -0.220169 13.677523 7.061731
v -0.187491 13.376796 7.121550
v -0.211413 13.503898 7.096268
v -0.154812 13.376246 7.282358
v -0.220169 13.703348 7.146869
v -0.187491 13.420071 7.264206
v -0.211413 13.539798 7.214613
v -0.154812 13.450904 7.422031
v -0.220169 13.745288 7.225330
v -0.187491 13.490344 7.395679
v -0.211413 13.598096 7.323681
v -0.154812 13.551375 7.544456
v -0.220169 13.801728 7.294104
v -0.187491 13.584916 7.510916
v -0.211413 13.676552 7.419280
v -0.154812 13.673800 7.644928
v -0.220169 13.870502 7.350544
v -0.187491 13.700153 7.605488
v -0.211413 13.772151 7.497736
v -0.154812 13.813474 7.719585
v -0.220169 13.948963 7.392484
v -0.187491 13.831626 7.675762
v -0.211413 13.881219 7.556034
v -0.154812 13.965028 7.765558
v -0.220169 14.034101 7.418309
v -0.187491 13.974282 7.719036
v -0.211413 13.999564 7.591934
v -0.154812 14.122640 7.781082
v -0.220169 14.122640 7.427030
v -0.187491 14.122640 7.733648
v -0.211413 14.122640 7.604055
v -0.154812 14.280252 7.765558
v -0.220169 14.211179 7.418309
v -0.187491 14.270997 7.719036
v -0.211413 14.245715 7.591934
v -0.154812 14.431806 7.719585
v -0.220169 14.296316 7.392484
v -0.187491 14.413653 7.675762
v -0.211413 14.364060 7.556034
v -0.154812 14.571480 7.644928
v -0.220169 14.374779 7.350544
v -0.187491 14.545126 7.605488
v -0.211413 14.473129 7.497736
v -0.154812 14.693904 7.544456
v -0.220169 14.443551 7.294104
v -0.187491 14.660363 7.510916
v -0.211413 14.568727 7.419280
v -0.154812 14.794375 7.422031
v -0.220169 14.499992 7.225330
v -0.187491 14.754935 7.395679
v -0.211413 14.647183 7.323681
v -0.154812 14.869033 7.282358
v -0.220169 14.541931 7.146869
v -0.187491 14.825210 7.264206
v -0.211413 14.705482 7.214613
v -0.154812 14.915007 7.130804
v -0.220169 14.567757 7.061731
v -0.187491 14.868484 7.121550
v -0.211413 14.741382 7.096268
v -0.154812 14.930530 6.973192
v -0.220169 14.576477 6.973192
v -0.187491 14.883096 6.973192
v -0.211413 14.753504 6.973192
v -0.154813 14.915007 6.815580
v -0.220169 14.567757 6.884653
v -0.187491 14.868484 6.824835
v -0.211413 14.741382 6.850117
v -0.154813 14.869033 6.664026
v -0.220169 14.541931 6.799516
v -0.187491 14.825210 6.682178
v -0.211413 14.705482 6.731771
v -0.154813 14.794375 6.524353
v -0.220169 14.499992 6.721054
v -0.187491 14.754935 6.550706
v -0.211413 14.647183 6.622704
v -0.154813 14.693904 6.401928
v -0.220169 14.443551 6.652281
v -0.187491 14.660363 6.435469
v -0.211413 14.568727 6.527104
v -0.154813 14.571480 6.301456
v -0.220169 14.374779 6.595840
v -0.187491 14.545126 6.340897
v -0.211413 14.473129 6.448648
v -0.154812 14.431806 6.226799
v -0.220169 14.296316 6.553901
v -0.187491 14.413653 6.270622
v -0.211413 14.364060 6.390350
v -0.154812 14.280252 6.180826
v -0.220169 14.211179 6.528075
v -0.187491 14.270997 6.227348
v -0.211413 14.245715 6.354450
vn -0.0000 -0.0000 -1.0000
vn -0.0000 -0.1951 -0.9808
vn -0.0000 -0.3827 -0.9239
vn -0.0000 -0.5556 -0.8315
vn -0.0000 -0.7071 -0.7071
vn -0.0000 -0.8315 -0.5556
vn -0.0000 -0.9239 -0.3827
vn -0.0000 -0.9808 -0.1951
vn -0.0000 -1.0000 -0.0000
vn -0.0000 -0.9808 0.1951
vn -0.0000 -0.9239 0.3827
vn -0.0000 -0.8315 0.5556
vn -0.0000 -0.7071 0.7071
vn -0.0000 -0.5556 0.8315
vn -0.0000 -0.3827 0.9239
vn -0.0000 -0.1951 0.9808
vn -0.0000 -0.0000 1.0000
vn -0.0000 0.1951 0.9808
vn -0.0000 0.3827 0.9239
vn -0.0000 0.5556 0.8315
vn -0.0000 0.7071 0.7071
vn -0.0000 0.8315 0.5556
vn -0.0000 0.9239 0.3827
vn -0.0000 0.9808 0.1951
vn -0.0000 1.0000 -0.0000
vn -0.0000 0.9808 -0.1951
vn -0.0000 0.9239 -0.3827
vn -0.0000 0.8315 -0.5556
vn -0.0000 0.7071 -0.7071
vn -0.0000 0.5556 -0.8315
vn -0.0000 0.3827 -0.9239
vn -0.9997 -0.0143 -0.0215
vn -0.9997 -0.0183 -0.0183
vn -1.0000 -0.0000 -0.0000
vn -0.0000 0.1951 -0.9808
vn 1.0000 -0.0000 -0.0000
vn -0.6984 0.1396 0.7020
vn -0.6984 -0.0000 0.7157
vn 0.6755 -0.0000 0.7373
vn 0.6755 0.1438 0.7232
vn -0.6984 0.2739 0.6612
vn 0.6755 0.2822 0.6812
vn -0.6984 0.3976 0.5951
vn 0.6755 0.4096 0.6131
vn -0.6984 0.5061 0.5061
vn 0.6755 0.5214 0.5214
vn -0.6984 0.5951 0.3976
vn 0.6755 0.6131 0.4096
vn -0.6984 0.6612 0.2739
vn 0.6755 0.6812 0.2822
vn -0.6984 0.7020 0.1396
vn 0.6755 0.7232 0.1438
vn -0.6984 0.7157 -0.0000
vn 0.6755 0.7373 -0.0000
vn -0.6984 0.7020 -0.1396
vn 0.6755 0.7232 -0.1438
vn -0.6984 0.6612 -0.2739
vn 0.6755 0.6812 -0.2822
vn -0.6984 0.5951 -0.3976
vn 0.6755 0.6131 -0.4096
vn -0.6984 0.5061 -0.5061
vn 0.6755 0.5214 -0.5214
vn -0.6984 0.3976 -0.5951
vn 0.6755 0.4096 -0.6131
vn -0.6984 0.2739 -0.6612
vn 0.6755 0.2822 -0.6812
vn -0.6984 0.1396 -0.7020
vn 0.6755 0.1438 -0.7232
vn -0.6984 -0.0000 -0.7157
vn 0.6755 -0.0000 -0.7373
vn -0.6984 -0.1396 -0.7020
vn 0.6755 -0.1438 -0.7232
vn -0.6984 -0.2739 -0.6612
vn 0.6755 -0.2822 -0.6812
vn -0.6984 -0.3976 -0.5951
vn 0.6755 -0.4096 -0.6131
vn -0.6984 -0.5061 -0.5061
vn 0.6755 -0.5214 -0.5214
vn -0.6984 -0.5951 -0.3976
vn 0.6755 -0.6131 -0.4096
vn -0.6984 -0.6612 -0.2739
vn 0.6755 -0.6812 -0.2822
vn -0.6984 -0.7020 -0.1396
vn 0.6755 -0.7232 -0.1438
vn -0.6984 -0.7157 -0.0000
vn 0.6755 -0.7373 -0.0000
vn -0.6984 -0.7020 0.1396
vn 0.6755 -0.7232 0.1438
vn -0.6984 -0.6612 0.2739
vn 0.6755 -0.6812 0.2822
vn -0.6984 -0.5951 0.3976
vn 0.6755 -0.6131 0.4096
vn -0.6984 -0.5061 0.5061
vn 0.6755 -0.5214 0.5214
vn -0.6984 -0.3976 0.5951
vn 0.6755 -0.4096 0.6131
vn -0.6984 -0.2739 0.6612
vn 0.6755 -0.2822 0.6812
vn -0.6984 -0.1396 0.7020
vn 0.6755 -0.1438 0.7232
vn 0.9997 0.0253 0.0050
vn 0.9997 0.0239 0.0099
vn 0.9997 -0.0000 0.0258
vn 0.9997 -0.0050 0.0253
vn 0.9997 -0.0253 0.0050
vn 0.9997 -0.0258 -0.0000
vn 0.9997 0.0143 -0.0215
vn 0.9997 0.0183 -0.0183
vn 0.9997 -0.0099 -0.0239
vn 0.9997 -0.0050 -0.0253
vn 0.9997 0.0215 0.0143
vn 0.9997 -0.0099 0.0239
vn 0.9997 -0.0253 -0.0050
vn 0.9997 0.0215 -0.0143
vn 0.9997 -0.0000 -0.0258
vn 0.9997 0.0183 0.0183
vn 0.9997 -0.0143 0.0215
vn 0.9997 -0.0239 -0.0099
vn 0.9997 0.0239 -0.0099
vn 0.9997 0.0143 0.0215
vn 0.9997 -0.0183 0.0183
vn 0.9997 -0.0215 -0.0143
vn 0.9997 0.0253 -0.0050
vn 0.9997 0.0099 0.0239
vn 0.9997 -0.0215 0.0143
vn 0.9997 0.0050 -0.0253
vn 0.9997 -0.0183 -0.0183
vn 0.9997 0.0258 -0.0000
vn 0.9997 0.0050 0.0253
vn 0.9997 -0.0239 0.0099
vn 0.9997 0.0099 -0.0239
vn 0.9997 -0.0143 -0.0215
vn -0.9997 0.0253 0.0050
vn -0.9997 0.0258 -0.0000
vn -0.9997 -0.0000 0.0258
vn -0.9997 0.0050 0.0253
vn -0.9997 -0.0253 0.0050
vn -0.9997 -0.0239 0.0099
vn -0.9997 0.0143 -0.0215
vn -0.9997 0.0099 -0.0239
vn -0.9997 -0.0099 -0.0239
vn -0.9997 0.0239 0.0099
vn -0.9997 -0.0050 0.0253
vn -0.9997 -0.0258 -0.0000
vn -0.9997 0.0183 -0.0183
vn -0.9997 -0.0050 -0.0253
vn -0.9997 0.0215 0.0143
vn -0.9997 -0.0099 0.0239
vn -0.9997 -0.0253 -0.0050
vn -0.9997 0.0215 -0.0143
vn -0.9997 -0.0000 -0.0258
vn -0.9997 0.0183 0.0183
vn -0.9997 -0.0143 0.0215
vn -0.9997 -0.0239 -0.0099
vn -0.9997 0.0239 -0.0099
vn -0.9997 0.0143 0.0215
vn -0.9997 -0.0183 0.0183
vn -0.9997 -0.0215 -0.0143
vn -0.9997 0.0253 -0.0050
vn -0.9997 0.0099 0.0239
vn -0.9997 -0.0215 0.0143
vn -0.9997 0.0050 -0.0253
vn 0.5774 -0.1593 -0.8008
vn 0.5774 -0.3124 -0.7543
vn 0.5774 -0.4536 -0.6788
vn 0.5774 0.3124 -0.7543
vn 0.5774 0.1593 -0.8008
vn 0.5774 0.4536 -0.6788
vn 0.5774 0.5773 -0.5773
vn 0.5774 0.6788 -0.4536
vn 0.5774 0.7543 -0.3124
vn 0.5774 0.8008 -0.1593
vn 0.5774 0.8164 -0.0000
vn 0.5774 0.8008 0.1593
vn 0.5774 0.7543 0.3124
vn 0.5774 0.6788 0.4536
vn 0.5774 0.5773 0.5773
vn 0.5774 0.4536 0.6788
vn 0.5774 0.3124 0.7543
vn 0.5774 0.1593 0.8008
vn 0.5774 -0.0000 0.8164
vn 0.5774 -0.1593 0.8008
vn 0.5774 -0.3124 0.7543
vn 0.5774 -0.4536 0.6788
vn 0.5774 -0.5773 0.5773
vn 0.5774 -0.6788 0.4536
vn 0.5774 -0.7543 0.3124
vn 0.5774 -0.8008 0.1593
vn 0.5774 -0.8164 -0.0000
vn 0.5774 -0.8008 -0.1593
vn 0.5774 -0.7543 -0.3124
vn 0.5774 -0.6788 -0.4536
vn 0.5774 -0.5773 -0.5773
vn 0.5774 -0.0000 -0.8164
vn 0.8235 -0.0000 -0.5673
vn 0.9508 -0.0604 -0.3039
vn 0.9834 -0.0000 -0.1815
vn 0.9940 -0.0000 -0.1094
vn 0.9940 -0.0213 -0.1073
vn 0.9508 -0.1186 -0.2863
vn 0.9940 -0.0419 -0.1011
vn 0.9508 -0.1721 -0.2576
vn 0.9834 -0.1009 -0.1509
vn 0.9988 -0.0274 -0.0411
vn 0.9508 -0.2191 -0.2191
vn 0.9940 -0.0774 -0.0774
vn 0.9508 -0.2576 -0.1721
vn 0.9940 -0.0910 -0.0608
vn 0.9508 -0.2863 -0.1186
vn 0.9940 -0.1011 -0.0419
vn 0.9508 -0.3039 -0.0604
vn 0.9940 -0.1073 -0.0213
vn 0.9508 -0.3098 -0.0000
vn 0.9940 -0.1094 -0.0000
vn 0.9508 -0.3039 0.0604
vn 0.9940 -0.1073 0.0213
vn 0.9508 -0.2863 0.1186
vn 0.9940 -0.1011 0.0419
vn 0.9508 -0.2576 0.1721
vn 0.9940 -0.0910 0.0608
vn 0.9508 -0.2191 0.2191
vn 0.9940 -0.0774 0.0774
vn 0.8235 -0.3152 0.4717
vn 0.9834 -0.1009 0.1509
vn 0.9940 -0.0608 0.0910
vn 0.8235 -0.2171 0.5241
vn 0.9834 -0.0695 0.1677
vn 0.9940 -0.0419 0.1011
vn 0.8235 -0.1107 0.5564
vn 0.9834 -0.0354 0.1780
vn 0.9940 -0.0213 0.1073
vn 0.8235 -0.0000 0.5673
vn 0.9834 -0.0000 0.1815
vn 0.9940 -0.0000 0.1094
vn 0.8235 0.1107 0.5564
vn 0.9834 0.0354 0.1780
vn 0.9940 0.0213 0.1073
vn 0.8235 0.2171 0.5241
vn 0.9834 0.0695 0.1677
vn 0.9940 0.0419 0.1011
vn 0.8235 0.3152 0.4717
vn 0.9834 0.1009 0.1509
vn 0.9940 0.0608 0.0910
vn 0.9508 0.2191 0.2191
vn 0.9834 0.1284 0.1284
vn 0.9988 0.0349 0.0349
vn 0.9508 0.2576 0.1721
vn 0.9940 0.0910 0.0608
vn 0.8235 0.5241 0.2171
vn 0.9834 0.1677 0.0695
vn 0.9940 0.1011 0.0419
vn 0.8235 0.5564 0.1107
vn 0.9834 0.1780 0.0354
vn 0.9940 0.1073 0.0213
vn 0.9508 0.3098 -0.0000
vn 0.9834 0.1815 -0.0000
vn 0.9988 0.0494 -0.0000
vn 0.9508 0.3039 -0.0604
vn 0.9834 0.1780 -0.0354
vn 0.9988 0.0485 -0.0096
vn 0.9508 0.2863 -0.1186
vn 0.9940 0.1011 -0.0419
vn 0.9508 0.2576 -0.1721
vn 0.9940 0.0910 -0.0608
vn 0.9508 0.2191 -0.2191
vn 0.9940 0.0774 -0.0774
vn 0.9508 0.1721 -0.2576
vn 0.9940 0.0608 -0.0910
vn 0.9508 0.1186 -0.2863
vn 0.9940 0.0419 -0.1011
vn 0.8235 0.1107 -0.5564
vn 0.9834 0.0354 -0.1780
vn 0.9940 0.0213 -0.1073
vn -0.5774 -0.3124 -0.7543
vn -0.5774 -0.1593 -0.8008
vn -0.5774 -0.4536 -0.6788
vn -0.5774 -0.5773 -0.5773
vn -0.5774 -0.6788 -0.4536
vn -0.5774 -0.7543 -0.3124
vn -0.5774 -0.8008 -0.1593
vn -0.5774 -0.8164 -0.0000
vn -0.5774 -0.8008 0.1593
vn -0.5774 -0.7543 0.3124
vn -0.5774 -0.6788 0.4536
vn -0.5774 -0.5773 0.5773
vn -0.5774 -0.4536 0.6788
vn -0.5774 -0.3124 0.7543
vn -0.5774 -0.1593 0.8008
vn -0.5774 -0.0000 0.8164
vn -0.5774 0.1593 0.8008
vn -0.5774 0.3124 0.7543
vn -0.5774 0.4536 0.6788
vn -0.5774 0.5773 0.5773
vn -0.5774 0.6788 0.4536
vn -0.5774 0.7543 0.3124
vn -0.5774 0.8008 0.1593
vn -0.5774 0.8164 -0.0000
vn -0.5774 0.8008 -0.1593
vn -0.5774 0.7543 -0.3124
vn -0.5774 0.6788 -0.4536
vn -0.5774 0.5773 -0.5773
vn -0.5774 0.4536 -0.6788
vn -0.5774 0.3124 -0.7543
vn -0.5774 0.1593 -0.8008
vn -0.5774 -0.0000 -0.8164
vn -0.9508 -0.0604 -0.3039
vn -0.9508 -0.0000 -0.3098
vn -0.9940 -0.0213 -0.1073
vn -0.9940 -0.0000 -0.1094
vn -0.9508 -0.1186 -0.2863
vn -0.9834 -0.0695 -0.1677
vn -0.9988 -0.0189 -0.0456
vn -0.9508 -0.1721 -0.2576
vn -0.9834 -0.1009 -0.1509
vn -0.9988 -0.0274 -0.0411
vn -0.9508 -0.2191 -0.2191
vn -0.9834 -0.1284 -0.1284
vn -0.9988 -0.0349 -0.0349
vn -0.9508 -0.2576 -0.1721
vn -0.9834 -0.1509 -0.1009
vn -0.9988 -0.0411 -0.0274
vn -0.9508 -0.2863 -0.1186
vn -0.9834 -0.1677 -0.0695
vn -0.9988 -0.0456 -0.0189
vn -0.9508 -0.3039 -0.0604
vn -0.9834 -0.1780 -0.0354
vn -0.9988 -0.0485 -0.0096
vn -0.8235 -0.5673 -0.0000
vn -0.9834 -0.1815 -0.0000
vn -0.9988 -0.0494 -0.0000
vn -0.9508 -0.3039 0.0604
vn -0.9834 -0.1780 0.0354
vn -0.9988 -0.0485 0.0096
vn -0.9508 -0.2863 0.1186
vn -0.9834 -0.1677 0.0695
vn -0.9988 -0.0456 0.0189
vn -0.9508 -0.2576 0.1721
vn -0.9834 -0.1509 0.1009
vn -0.9988 -0.0411 0.0274
vn -0.9508 -0.2191 0.2191
vn -0.9834 -0.1284 0.1284
vn -0.9988 -0.0349 0.0349
vn -0.9508 -0.1721 0.2576
vn -0.9834 -0.1009 0.1509
vn -0.9988 -0.0274 0.0411
vn -0.9508 -0.1186 0.2863
vn -0.9834 -0.0695 0.1677
vn -0.9988 -0.0189 0.0456
vn -0.9508 -0.0604 0.3039
vn -0.9834 -0.0354 0.1780
vn -0.9988 -0.0096 0.0485
vn -0.9508 -0.0000 0.3098
vn -0.9834 -0.0000 0.1815
vn -0.9988 -0.0000 0.0494
vn -0.9508 0.0604 0.3039
vn -0.9834 0.0354 0.1780
vn -0.9988 0.0096 0.0485
vn -0.9508 0.1186 0.2863
vn -0.9834 0.0695 0.1677
vn -0.9988 0.0189 0.0456
vn -0.9508 0.1721 0.2576
vn -0.9834 0.1009 0.1509
vn -0.9988 0.0274 0.0411
vn -0.9508 0.2191 0.2191
vn -0.9834 0.1284 0.1284
vn -0.9988 0.0349 0.0349
vn -0.9508 0.2576 0.1721
vn -0.9834 0.1509 0.1009
vn -0.9988 0.0411 0.0274
vn -0.9508 0.2863 0.1186
vn -0.9834 0.1677 0.0695
vn -0.9988 0.0456 0.0189
vn -0.9508 0.3039 0.0604
vn -0.9940 0.1073 0.0213
vn -0.9508 0.3098 -0.0000
vn -0.9940 0.1094 -0.0000
vn -0.9508 0.3039 -0.0604
vn -0.9940 0.1073 -0.0213
vn -0.9508 0.2863 -0.1186
vn -0.9834 0.1677 -0.0695
vn -0.9988 0.0456 -0.0189
vn -0.9508 0.2576 -0.1721
vn -0.9834 0.1509 -0.1009
vn -0.9988 0.0411 -0.0274
vn -0.9508 0.2191 -0.2191
vn -0.9940 0.0774 -0.0774
vn -0.9508 0.1721 -0.2576
vn -0.9940 0.0608 -0.0910
vn -0.9508 0.1186 -0.2863
vn -0.9834 0.0695 -0.1677
vn -0.9988 0.0189 -0.0456
vn -0.9508 0.0604 -0.3039
vn -0.9834 0.0354 -0.1780
vn -0.9988 0.0096 -0.0485
vn 0.5774 -0.1593 -0.8007
vn 0.5774 -0.8007 0.1593
vn 0.9940 -0.0608 -0.0910
vn 0.8235 -0.4012 -0.4012
vn 0.9834 -0.1284 -0.1284
vn 0.8235 -0.5564 0.1107
vn 0.9834 -0.1780 0.0354
vn 0.8235 -0.4012 0.4012
vn 0.9834 -0.1284 0.1284
vn 0.9508 -0.1186 0.2863
vn 0.9508 -0.0604 0.3039
vn 0.9508 0.1186 0.2863
vn 0.9508 0.1721 0.2576
vn 0.9940 0.0774 0.0774
vn 0.9834 0.1509 0.1009
vn 0.9988 0.0411 0.0274
vn 0.9508 0.2863 0.1186
vn 0.9508 0.3039 0.0604
vn 0.9940 0.1094 -0.0000
vn 0.8235 0.5564 -0.1107
vn 0.9940 0.1073 -0.0213
vn 0.9834 0.1509 -0.1009
vn 0.9988 0.0411 -0.0274
vn -0.5774 0.8007 0.1593
vn -0.8235 -0.1107 -0.5564
vn -0.8235 -0.0000 -0.5673
vn -0.9834 -0.0000 -0.1815
vn -0.9834 -0.0354 -0.1780
vn -0.8235 -0.2171 -0.5241
vn -0.9940 -0.0419 -0.1011
vn -0.8235 -0.3152 -0.4717
vn -0.9940 -0.0608 -0.0910
vn -0.9940 -0.0774 -0.0774
vn -0.9940 -0.0910 -0.0608
vn -0.9940 -0.1011 -0.0419
vn -0.9940 -0.1073 -0.0213
vn -0.9508 -0.3098 -0.0000
vn -0.9940 -0.1011 0.0419
vn -0.9940 -0.0910 0.0608
vn -0.9940 -0.0774 0.0774
vn -0.8235 -0.3152 0.4717
vn -0.9940 -0.0608 0.0910
vn -0.8235 -0.2171 0.5241
vn -0.9940 -0.0419 0.1011
vn -0.8235 -0.1107 0.5564
vn -0.9940 -0.0213 0.1073
vn -0.8235 -0.0000 0.5673
vn -0.9940 -0.0000 0.1094
vn -0.8235 0.1107 0.5564
vn -0.9940 0.0213 0.1073
vn -0.8235 0.2171 0.5241
vn -0.9940 0.0419 0.1011
vn -0.9940 0.0608 0.0910
vn -0.9940 0.0774 0.0774
vn -0.8235 0.4717 0.3152
vn -0.9940 0.0910 0.0608
vn -0.9940 0.1011 0.0419
vn -0.9834 0.1815 -0.0000
vn -0.9988 0.0494 -0.0000
vn -0.8235 0.5241 -0.2171
vn -0.9940 0.1011 -0.0419
vn -0.9940 0.0910 -0.0608
vn -0.8235 0.3152 -0.4717
vn -0.9834 0.1009 -0.1509
vn -0.9940 0.0419 -0.1011
vn -0.9940 0.0213 -0.1073
vt 0.284388 0.284477
vt 0.319105 0.188241
vt 0.289012 0.289002
vt 0.323833 0.192867
vt 0.294431 0.292538
vt 0.329372 0.196481
vt 0.300435 0.294949
vt 0.335510 0.198946
vt 0.306795 0.296142
vt 0.342011 0.200165
vt 0.313264 0.296071
vt 0.348625 0.200093
vt 0.319596 0.294740
vt 0.355098 0.198732
vt 0.325546 0.292198
vt 0.361181 0.196134
vt 0.330886 0.288545
vt 0.366640 0.192400
vt 0.335411 0.283921
vt 0.371266 0.187672
vt 0.338947 0.278502
vt 0.374880 0.182133
vt 0.341358 0.272498
vt 0.377345 0.175995
vt 0.342551 0.266139
vt 0.378564 0.169494
vt 0.342480 0.259669
vt 0.378492 0.162880
vt 0.341149 0.253337
vt 0.377131 0.156407
vt 0.338608 0.247387
vt 0.374534 0.150324
vt 0.334955 0.242047
vt 0.370799 0.144865
vt 0.330330 0.237522
vt 0.366071 0.140239
vt 0.324911 0.233986
vt 0.360532 0.136624
vt 0.318907 0.231576
vt 0.354394 0.134160
vt 0.312548 0.230383
vt 0.347893 0.132940
vt 0.306078 0.230453
vt 0.341279 0.133013
vt 0.299746 0.231785
vt 0.334806 0.134374
vt 0.293796 0.234326
vt 0.328723 0.136971
vt 0.288456 0.237979
vt 0.323264 0.140706
vt 0.283931 0.242603
vt 0.318638 0.145434
vt 0.280395 0.248022
vt 0.315024 0.150973
vt 0.277985 0.254026
vt 0.312559 0.157111
vt 0.276792 0.260385
vt 0.311339 0.163612
vt 0.276862 0.266855
vt 0.311412 0.170226
vt 0.278194 0.273187
vt 0.312773 0.176699
vt 0.280735 0.279137
vt 0.315370 0.182782
vt 0.696836 0.236494
vt 0.696836 0.903340
vt 0.272739 0.294252
vt 0.696836 0.257333
vt 0.279494 0.300862
vt 0.725489 0.257333
vt 0.315326 0.203467
vt 0.725489 0.236494
vt 0.725489 0.903340
vt 0.308693 0.196977
vt 0.696836 0.278172
vt 0.287409 0.306027
vt 0.725489 0.278172
vt 0.323096 0.208537
vt 0.696836 0.299011
vt 0.296180 0.309548
vt 0.725489 0.299011
vt 0.331707 0.211994
vt 0.696836 0.319850
vt 0.305469 0.311291
vt 0.725489 0.319850
vt 0.340827 0.213705
vt 0.696836 0.340688
vt 0.314920 0.311187
vt 0.725489 0.340688
vt 0.350105 0.213604
vt 0.696836 0.361527
vt 0.324169 0.309243
vt 0.725489 0.361527
vt 0.359185 0.211694
vt 0.696836 0.382366
vt 0.332860 0.305531
vt 0.725489 0.382366
vt 0.367718 0.208050
vt 0.696836 0.403205
vt 0.340661 0.300195
vt 0.725489 0.403205
vt 0.375377 0.202811
vt 0.696836 0.424044
vt 0.347271 0.293439
vt 0.725489 0.424044
vt 0.381866 0.196179
vt 0.696836 0.444883
vt 0.352436 0.285524
vt 0.725489 0.444883
vt 0.386936 0.188408
vt 0.696836 0.465722
vt 0.355957 0.276753
vt 0.725489 0.465722
vt 0.390393 0.179798
vt 0.696836 0.486561
vt 0.357700 0.267464
vt 0.725489 0.486561
vt 0.392104 0.170678
vt 0.696836 0.507400
vt 0.357597 0.258013
vt 0.725489 0.507400
vt 0.392003 0.161400
vt 0.696836 0.528239
vt 0.355652 0.248764
vt 0.725489 0.528239
vt 0.390094 0.152320
vt 0.696836 0.549078
vt 0.351940 0.240073
vt 0.725489 0.549078
vt 0.386449 0.143787
vt 0.696836 0.569917
vt 0.346604 0.232272
vt 0.725489 0.569917
vt 0.381211 0.136128
vt 0.696836 0.590756
vt 0.339848 0.225662
vt 0.725489 0.590756
vt 0.374578 0.129639
vt 0.696836 0.611595
vt 0.331933 0.220498
vt 0.725489 0.611595
vt 0.366808 0.124569
vt 0.696836 0.632434
vt 0.323162 0.216976
vt 0.725489 0.632434
vt 0.358197 0.121111
vt 0.696836 0.653273
vt 0.313873 0.215234
vt 0.725489 0.653273
vt 0.349077 0.119401
vt 0.696836 0.674111
vt 0.304422 0.215337
vt 0.725489 0.674111
vt 0.339799 0.119502
vt 0.696836 0.694950
vt 0.295174 0.217282
vt 0.725489 0.694950
vt 0.330719 0.121411
vt 0.696836 0.715789
vt 0.286482 0.220993
vt 0.725489 0.715789
vt 0.322186 0.125055
vt 0.696836 0.736628
vt 0.278681 0.226330
vt 0.725489 0.736628
vt 0.314527 0.130294
vt 0.696836 0.757467
vt 0.272071 0.233085
vt 0.725489 0.757467
vt 0.308038 0.136926
vt 0.696836 0.778306
vt 0.266907 0.241000
vt 0.725489 0.778306
vt 0.302968 0.144697
vt 0.696836 0.799145
vt 0.263385 0.249771
vt 0.725489 0.799145
vt 0.299511 0.153308
vt 0.696836 0.819984
vt 0.261643 0.259060
vt 0.725489 0.819984
vt 0.297800 0.162428
vt 0.696836 0.840823
vt 0.261746 0.268511
vt 0.725489 0.840823
vt 0.297901 0.171706
vt 0.696836 0.861662
vt 0.263691 0.277760
vt 0.725489 0.861662
vt 0.299810 0.180786
vt 0.696836 0.882501
vt 0.267402 0.286451
vt 0.725489 0.882501
vt 0.303454 0.189319
vt 0.277017 0.290662
vt 0.282990 0.296506
vt 0.318757 0.199191
vt 0.312893 0.193453
vt 0.289988 0.301073
vt 0.325628 0.203674
vt 0.297743 0.304186
vt 0.333241 0.206731
vt 0.305956 0.305727
vt 0.341305 0.208243
vt 0.314312 0.305636
vt 0.349508 0.208154
vt 0.322489 0.303917
vt 0.357536 0.206466
vt 0.330174 0.300635
vt 0.365081 0.203244
vt 0.337071 0.295916
vt 0.371852 0.198612
vt 0.342916 0.289944
vt 0.377590 0.192748
vt 0.347482 0.282945
vt 0.382073 0.185877
vt 0.350596 0.275190
vt 0.385130 0.178264
vt 0.352136 0.266977
vt 0.386642 0.170200
vt 0.352045 0.258621
vt 0.386553 0.161997
vt 0.350326 0.250444
vt 0.384865 0.153968
vt 0.347044 0.242759
vt 0.381643 0.146424
vt 0.342326 0.235862
vt 0.377011 0.139652
vt 0.336353 0.230018
vt 0.371147 0.133915
vt 0.329354 0.225451
vt 0.364276 0.129432
vt 0.321599 0.222338
vt 0.356663 0.126375
vt 0.313386 0.220797
vt 0.348599 0.124862
vt 0.305030 0.220888
vt 0.340396 0.124952
vt 0.296853 0.222608
vt 0.332368 0.126640
vt 0.289168 0.225890
vt 0.324823 0.129862
vt 0.282271 0.230608
vt 0.318051 0.134494
vt 0.276427 0.236581
vt 0.312314 0.140358
vt 0.271860 0.243579
vt 0.307831 0.147229
vt 0.268747 0.251334
vt 0.304774 0.154842
vt 0.267206 0.259547
vt 0.303261 0.162905
vt 0.267297 0.267903
vt 0.303351 0.171109
vt 0.269017 0.276080
vt 0.305039 0.179137
vt 0.272298 0.283765
vt 0.308261 0.186682
vt 0.344952 0.166553
vt 0.335107 0.178820
vt 0.323833 0.192867
vt 0.329798 0.185434
vt 0.325721 0.190514
vt 0.319105 0.188241
vt 0.332903 0.176663
vt 0.321416 0.186302
vt 0.326406 0.182115
vt 0.337689 0.180504
vt 0.329372 0.196481
vt 0.333773 0.188028
vt 0.330765 0.193805
vt 0.340551 0.181653
vt 0.335510 0.198946
vt 0.338177 0.189796
vt 0.336355 0.196049
vt 0.343581 0.182222
vt 0.342011 0.200165
vt 0.342842 0.190671
vt 0.342274 0.197160
vt 0.346664 0.182188
vt 0.348625 0.200093
vt 0.347588 0.190619
vt 0.348297 0.197094
vt 0.349682 0.181554
vt 0.355098 0.198732
vt 0.352232 0.189643
vt 0.354191 0.195855
vt 0.352517 0.180343
vt 0.361181 0.196134
vt 0.356597 0.187779
vt 0.359730 0.193489
vt 0.355062 0.178602
vt 0.366640 0.192400
vt 0.360514 0.185099
vt 0.364701 0.190089
vt 0.357219 0.176398
vt 0.371266 0.187672
vt 0.363833 0.181707
vt 0.368913 0.185784
vt 0.358904 0.173816
vt 0.374880 0.182133
vt 0.366427 0.177732
vt 0.372204 0.180740
vt 0.360052 0.170954
vt 0.377345 0.175995
vt 0.368195 0.173328
vt 0.374448 0.175150
vt 0.360621 0.167924
vt 0.378564 0.169494
vt 0.369070 0.168663
vt 0.375559 0.169231
vt 0.360587 0.164840
vt 0.378492 0.162880
vt 0.369018 0.163917
vt 0.375493 0.163208
vt 0.359953 0.161823
vt 0.377131 0.156407
vt 0.368042 0.159273
vt 0.374254 0.157314
vt 0.358742 0.158987
vt 0.374534 0.150324
vt 0.366178 0.154908
vt 0.371888 0.151775
vt 0.357001 0.156443
vt 0.370799 0.144865
vt 0.363498 0.150991
vt 0.368488 0.146804
vt 0.354797 0.154286
vt 0.366071 0.140239
vt 0.360106 0.147672
vt 0.364183 0.142592
vt 0.352215 0.152601
vt 0.360532 0.136624
vt 0.356131 0.145078
vt 0.359139 0.139301
vt 0.349353 0.151452
vt 0.354394 0.134160
vt 0.351727 0.143310
vt 0.353549 0.137056
vt 0.346323 0.150884
vt 0.347893 0.132940
vt 0.347062 0.142435
vt 0.347630 0.135946
vt 0.343240 0.150918
vt 0.341279 0.133013
vt 0.342316 0.142486
vt 0.341607 0.136012
vt 0.340222 0.151552
vt 0.334806 0.134374
vt 0.337672 0.143463
vt 0.335713 0.137251
vt 0.337387 0.152763
vt 0.328723 0.136971
vt 0.333307 0.145327
vt 0.330174 0.139616
vt 0.334842 0.154504
vt 0.323264 0.140706
vt 0.329390 0.148007
vt 0.325203 0.143017
vt 0.332685 0.156708
vt 0.318638 0.145434
vt 0.326071 0.151399
vt 0.320991 0.147322
vt 0.331000 0.159290
vt 0.315024 0.150973
vt 0.323477 0.155374
vt 0.317700 0.152366
vt 0.329851 0.162151
vt 0.312559 0.157111
vt 0.321709 0.159778
vt 0.315456 0.157955
vt 0.329283 0.165182
vt 0.311339 0.163612
vt 0.320834 0.164443
vt 0.314345 0.163875
vt 0.329317 0.168265
vt 0.311412 0.170226
vt 0.320886 0.169188
vt 0.314411 0.169898
vt 0.329951 0.171283
vt 0.312773 0.176699
vt 0.321862 0.173833
vt 0.315650 0.175792
vt 0.331162 0.174118
vt 0.315370 0.182782
vt 0.323726 0.178198
vt 0.318016 0.181331
vt 0.309671 0.263262
vt 0.295468 0.275180
vt 0.284388 0.284477
vt 0.289928 0.279829
vt 0.286861 0.282402
vt 0.289012 0.289002
vt 0.298066 0.277722
vt 0.291033 0.286485
vt 0.293539 0.283362
vt 0.294431 0.292538
vt 0.301110 0.279708
vt 0.295922 0.289674
vt 0.297770 0.286123
vt 0.300435 0.294949
vt 0.304483 0.281062
vt 0.301339 0.291849
vt 0.302459 0.288005
vt 0.306795 0.296142
vt 0.308055 0.281732
vt 0.307076 0.292926
vt 0.307425 0.288937
vt 0.313264 0.296071
vt 0.311689 0.281693
vt 0.312913 0.292862
vt 0.312477 0.288882
vt 0.319596 0.294740
vt 0.315246 0.280945
vt 0.318625 0.291661
vt 0.317421 0.287842
vt 0.325546 0.292198
vt 0.318589 0.279517
vt 0.323993 0.289368
vt 0.322068 0.285858
vt 0.330886 0.288545
vt 0.321589 0.277465
vt 0.328811 0.286072
vt 0.326238 0.283005
vt 0.335411 0.283921
vt 0.324131 0.274867
vt 0.332894 0.281900
vt 0.329771 0.279394
vt 0.338947 0.278502
vt 0.326117 0.271823
vt 0.336083 0.277011
vt 0.332532 0.275163
vt 0.341358 0.272498
vt 0.327471 0.268450
vt 0.338258 0.271594
vt 0.334414 0.270474
vt 0.342551 0.266139
vt 0.328141 0.264878
vt 0.339335 0.265857
vt 0.335346 0.265508
vt 0.342480 0.259669
vt 0.328102 0.261244
vt 0.339271 0.260020
vt 0.335291 0.260456
vt 0.341149 0.253337
vt 0.327354 0.257687
vt 0.338070 0.254308
vt 0.334251 0.255512
vt 0.338608 0.247387
vt 0.325926 0.254344
vt 0.335777 0.248940
vt 0.332267 0.250866
vt 0.334955 0.242047
vt 0.323874 0.251344
vt 0.332482 0.244122
vt 0.329414 0.246696
vt 0.330330 0.237522
vt 0.321276 0.248802
vt 0.328309 0.240040
vt 0.325803 0.243162
vt 0.324911 0.233986
vt 0.318232 0.246816
vt 0.323421 0.236850
vt 0.321572 0.240401
vt 0.318907 0.231576
vt 0.314859 0.245462
vt 0.318004 0.234675
vt 0.316883 0.238519
vt 0.312548 0.230383
vt 0.311287 0.244792
vt 0.312266 0.233599
vt 0.311917 0.237587
vt 0.306078 0.230453
vt 0.307653 0.244831
vt 0.306429 0.233662
vt 0.306865 0.237642
vt 0.299746 0.231785
vt 0.304096 0.245579
vt 0.300717 0.234863
vt 0.301921 0.238682
vt 0.293796 0.234326
vt 0.300753 0.247007
vt 0.295349 0.237156
vt 0.297275 0.240666
vt 0.288456 0.237979
vt 0.297753 0.249059
vt 0.290531 0.240452
vt 0.293105 0.243519
vt 0.283931 0.242603
vt 0.295211 0.251657
vt 0.286449 0.244624
vt 0.289571 0.247130
vt 0.280395 0.248022
vt 0.293225 0.254701
vt 0.283259 0.249513
vt 0.286810 0.251361
vt 0.277985 0.254026
vt 0.291871 0.258074
vt 0.281084 0.254930
vt 0.284928 0.256050
vt 0.276792 0.260385
vt 0.291201 0.261646
vt 0.280008 0.260667
vt 0.283996 0.261016
vt 0.276862 0.266855
vt 0.291240 0.265281
vt 0.280071 0.266504
vt 0.284051 0.266068
vt 0.278194 0.273187
vt 0.291988 0.268837
vt 0.281272 0.272216
vt 0.285091 0.271012
vt 0.280735 0.279137
vt 0.293416 0.272180
vt 0.283565 0.277584
vt 0.287075 0.275659
vt 0.211311 0.205483
vt 0.283949 0.073007
vt 0.215936 0.210008
vt 0.288677 0.077632
vt 0.221355 0.213544
vt 0.294216 0.081247
vt 0.227359 0.215954
vt 0.300354 0.083711
vt 0.233718 0.217147
vt 0.306855 0.084931
vt 0.240188 0.217077
vt 0.313469 0.084859
vt 0.246519 0.215745
vt 0.319942 0.083498
vt 0.252470 0.213204
vt 0.326025 0.080900
vt 0.257810 0.209551
vt 0.331484 0.077165
vt 0.262335 0.204927
vt 0.336110 0.072438
vt 0.265871 0.199508
vt 0.339724 0.066898
vt 0.268281 0.193504
vt 0.342189 0.060760
vt 0.269474 0.187144
vt 0.343408 0.054259
vt 0.269404 0.180675
vt 0.343336 0.047645
vt 0.268072 0.174343
vt 0.341975 0.041172
vt 0.265531 0.168393
vt 0.339377 0.035089
vt 0.261878 0.163053
vt 0.335643 0.029630
vt 0.257253 0.158528
vt 0.330915 0.025004
vt 0.251835 0.154992
vt 0.325375 0.021390
vt 0.245830 0.152581
vt 0.319237 0.018926
vt 0.239471 0.151388
vt 0.312736 0.017706
vt 0.233002 0.151459
vt 0.306122 0.017778
vt 0.226670 0.152790
vt 0.299650 0.019139
vt 0.220720 0.155331
vt 0.293567 0.021737
vt 0.215379 0.158984
vt 0.288107 0.025471
vt 0.210855 0.163609
vt 0.283482 0.030199
vt 0.207319 0.169028
vt 0.279867 0.035739
vt 0.204908 0.175032
vt 0.277403 0.041877
vt 0.203715 0.181391
vt 0.276183 0.048378
vt 0.203786 0.187861
vt 0.276255 0.054992
vt 0.205117 0.194193
vt 0.277616 0.061465
vt 0.207658 0.200143
vt 0.280214 0.067547
vt 0.028642 0.266186
vt 0.028642 0.933032
vt 0.199662 0.215258
vt 0.028642 0.287025
vt 0.206418 0.221868
vt 0.057296 0.287025
vt 0.280169 0.088232
vt 0.057296 0.266186
vt 0.057296 0.933032
vt 0.273537 0.081743
vt 0.028642 0.307864
vt 0.214333 0.227032
vt 0.057296 0.307864
vt 0.287940 0.093303
vt 0.028642 0.328703
vt 0.223104 0.230554
vt 0.057296 0.328703
vt 0.296551 0.096760
vt 0.028642 0.349542
vt 0.232393 0.232296
vt 0.057296 0.349542
vt 0.305670 0.098471
vt 0.028642 0.370381
vt 0.241843 0.232193
vt 0.057296 0.370381
vt 0.314949 0.098369
vt 0.028642 0.391220
vt 0.251092 0.230248
vt 0.057296 0.391220
vt 0.324029 0.096460
vt 0.028642 0.412059
vt 0.259784 0.226537
vt 0.057296 0.412059
vt 0.332562 0.092816
vt 0.028642 0.432898
vt 0.267585 0.221200
vt 0.057296 0.432898
vt 0.340220 0.087577
vt 0.028642 0.453737
vt 0.274194 0.214445
vt 0.057296 0.453737
vt 0.346709 0.080945
vt 0.028642 0.474576
vt 0.279359 0.206530
vt 0.057296 0.474576
vt 0.351780 0.073174
vt 0.028642 0.495415
vt 0.282881 0.197759
vt 0.057296 0.495415
vt 0.355237 0.064563
vt 0.028642 0.516254
vt 0.284623 0.188470
vt 0.057296 0.516254
vt 0.356948 0.055444
vt 0.028642 0.537093
vt 0.284520 0.179019
vt 0.057296 0.537093
vt 0.356847 0.046166
vt 0.028642 0.557931
vt 0.282575 0.169770
vt 0.057296 0.557931
vt 0.354937 0.037085
vt 0.028642 0.578770
vt 0.278863 0.161078
vt 0.057296 0.578770
vt 0.351293 0.028552
vt 0.028642 0.599609
vt 0.273527 0.153278
vt 0.057296 0.599609
vt 0.346054 0.020894
vt 0.028642 0.620448
vt 0.266772 0.146668
vt 0.057296 0.620448
vt 0.339422 0.014405
vt 0.028642 0.641287
vt 0.258856 0.141503
vt 0.057296 0.641287
vt 0.331651 0.009334
vt 0.028642 0.662126
vt 0.250086 0.137982
vt 0.057296 0.662126
vt 0.323041 0.005877
vt 0.028642 0.682965
vt 0.240797 0.136239
vt 0.057296 0.682965
vt 0.313921 0.004166
vt 0.028642 0.703804
vt 0.231346 0.136342
vt 0.057296 0.703804
vt 0.304643 0.004267
vt 0.028642 0.724643
vt 0.222097 0.138287
vt 0.057296 0.724643
vt 0.295563 0.006177
vt 0.028642 0.745482
vt 0.213405 0.141999
vt 0.057296 0.745482
vt 0.287029 0.009821
vt 0.028642 0.766321
vt 0.205605 0.147335
vt 0.057296 0.766321
vt 0.279371 0.015060
vt 0.028642 0.787160
vt 0.198995 0.154091
vt 0.057296 0.787160
vt 0.272882 0.021692
vt 0.028642 0.807999
vt 0.193830 0.162006
vt 0.057296 0.807999
vt 0.267811 0.029463
vt 0.028642 0.828838
vt 0.190309 0.170777
vt 0.057296 0.828838
vt 0.264354 0.038073
vt 0.028642 0.849677
vt 0.188566 0.180066
vt 0.057296 0.849677
vt 0.262643 0.047193
vt 0.028642 0.870516
vt 0.188669 0.189517
vt 0.057296 0.870516
vt 0.262745 0.056471
vt 0.028642 0.891355
vt 0.190614 0.198765
vt 0.057296 0.891355
vt 0.264654 0.065552
vt 0.028642 0.912193
vt 0.194326 0.207457
vt 0.057296 0.912193
vt 0.268298 0.074085
vt 0.203940 0.211668
vt 0.209913 0.217512
vt 0.283601 0.083956
vt 0.277737 0.078219
vt 0.216912 0.222079
vt 0.290472 0.088440
vt 0.224666 0.225192
vt 0.298085 0.091496
vt 0.232879 0.226733
vt 0.306148 0.093009
vt 0.241235 0.226642
vt 0.314352 0.092919
vt 0.249413 0.224922
vt 0.322380 0.091231
vt 0.257098 0.221640
vt 0.329925 0.088009
vt 0.263995 0.216922
vt 0.336696 0.083377
vt 0.269839 0.210949
vt 0.342434 0.077513
vt 0.274406 0.203951
vt 0.346917 0.070643
vt 0.277519 0.196196
vt 0.349973 0.063029
vt 0.279060 0.187983
vt 0.351486 0.054966
vt 0.278969 0.179627
vt 0.351397 0.046762
vt 0.277249 0.171450
vt 0.349708 0.038734
vt 0.273967 0.163765
vt 0.346486 0.031189
vt 0.269249 0.156867
vt 0.341854 0.024418
vt 0.263276 0.151023
vt 0.335990 0.018680
vt 0.256278 0.146457
vt 0.329120 0.014197
vt 0.248523 0.143343
vt 0.321506 0.011141
vt 0.240310 0.141803
vt 0.313443 0.009628
vt 0.231954 0.141894
vt 0.305240 0.009717
vt 0.223776 0.143613
vt 0.297211 0.011406
vt 0.216091 0.146895
vt 0.289666 0.014628
vt 0.209194 0.151613
vt 0.282895 0.019260
vt 0.203350 0.157586
vt 0.277158 0.025124
vt 0.198784 0.164585
vt 0.272675 0.031994
vt 0.195670 0.172339
vt 0.269618 0.039608
vt 0.194129 0.180553
vt 0.268105 0.047671
vt 0.194221 0.188909
vt 0.268195 0.055874
vt 0.195940 0.197086
vt 0.269883 0.063903
vt 0.199222 0.204771
vt 0.273105 0.071448
vt 0.309796 0.051318
vt 0.299951 0.063585
vt 0.288677 0.077632
vt 0.294642 0.070200
vt 0.290565 0.075279
vt 0.283949 0.073007
vt 0.297747 0.061429
vt 0.286260 0.071067
vt 0.291250 0.066880
vt 0.302533 0.065270
vt 0.294216 0.081247
vt 0.298617 0.072793
vt 0.295609 0.078571
vt 0.305394 0.066419
vt 0.300354 0.083711
vt 0.303021 0.074561
vt 0.301198 0.080815
vt 0.308425 0.066987
vt 0.306855 0.084931
vt 0.307686 0.075437
vt 0.307118 0.081925
vt 0.311508 0.066954
vt 0.313469 0.084859
vt 0.312431 0.075385
vt 0.313140 0.081860
vt 0.314525 0.066319
vt 0.319942 0.083498
vt 0.317076 0.074408
vt 0.319035 0.080620
vt 0.317361 0.065108
vt 0.326025 0.080900
vt 0.321441 0.072544
vt 0.324573 0.078255
vt 0.319906 0.063367
vt 0.331484 0.077165
vt 0.325358 0.069865
vt 0.329545 0.074854
vt 0.322062 0.061163
vt 0.336110 0.072438
vt 0.328677 0.066472
vt 0.333757 0.070549
vt 0.323747 0.058581
vt 0.339724 0.066898
vt 0.331270 0.062498
vt 0.337048 0.065505
vt 0.324896 0.055720
vt 0.342189 0.060760
vt 0.333039 0.058093
vt 0.339292 0.059916
vt 0.325465 0.052689
vt 0.343408 0.054259
vt 0.333914 0.053429
vt 0.340403 0.053996
vt 0.325431 0.049606
vt 0.343336 0.047645
vt 0.333862 0.048683
vt 0.340337 0.047974
vt 0.324797 0.046589
vt 0.341975 0.041172
vt 0.332885 0.044038
vt 0.339097 0.042080
vt 0.323586 0.043753
vt 0.339377 0.035089
vt 0.331021 0.039674
vt 0.336732 0.036541
vt 0.321845 0.041208
vt 0.335643 0.029630
vt 0.328342 0.035756
vt 0.333331 0.031570
vt 0.319641 0.039052
vt 0.330915 0.025004
vt 0.324949 0.032437
vt 0.329026 0.027357
vt 0.317058 0.037367
vt 0.325375 0.021390
vt 0.320975 0.029844
vt 0.323982 0.024066
vt 0.314197 0.036218
vt 0.319237 0.018926
vt 0.316570 0.028075
vt 0.318393 0.021822
vt 0.311167 0.035649
vt 0.312736 0.017706
vt 0.311906 0.027200
vt 0.312473 0.020712
vt 0.308083 0.035683
vt 0.306122 0.017778
vt 0.307160 0.027252
vt 0.306451 0.020777
vt 0.305066 0.036318
vt 0.299650 0.019139
vt 0.302516 0.028229
vt 0.300557 0.022017
vt 0.302230 0.037529
vt 0.293567 0.021737
vt 0.298151 0.030093
vt 0.295018 0.024382
vt 0.299685 0.039269
vt 0.288107 0.025471
vt 0.294234 0.032772
vt 0.290047 0.027783
vt 0.297529 0.041473
vt 0.283482 0.030199
vt 0.290915 0.036165
vt 0.285835 0.032088
vt 0.295844 0.044056
vt 0.279867 0.035739
vt 0.288321 0.040139
vt 0.282543 0.037132
vt 0.294695 0.046917
vt 0.277403 0.041877
vt 0.286553 0.044544
vt 0.280299 0.042721
vt 0.294127 0.049948
vt 0.276183 0.048378
vt 0.285678 0.049208
vt 0.279189 0.048641
vt 0.294160 0.053031
vt 0.276255 0.054992
vt 0.285729 0.053954
vt 0.279255 0.054663
vt 0.294795 0.056048
vt 0.277616 0.061465
vt 0.286706 0.058599
vt 0.280494 0.060557
vt 0.296006 0.058884
vt 0.280214 0.067547
vt 0.288570 0.062963
vt 0.282859 0.066096
vt 0.236595 0.184268
vt 0.222392 0.196186
vt 0.211311 0.205483
vt 0.216851 0.200834
vt 0.213784 0.203408
vt 0.215936 0.210008
vt 0.224990 0.198728
vt 0.217957 0.207490
vt 0.220463 0.204368
vt 0.221355 0.213544
vt 0.228033 0.200714
vt 0.222845 0.210680
vt 0.224694 0.207129
vt 0.227359 0.215954
vt 0.231406 0.202068
vt 0.228262 0.212855
vt 0.229383 0.209011
vt 0.233718 0.217147
vt 0.234979 0.202738
vt 0.233999 0.213931
vt 0.234348 0.209943
vt 0.240188 0.217077
vt 0.238613 0.202698
vt 0.239836 0.213868
vt 0.239400 0.209888
vt 0.246519 0.215745
vt 0.242170 0.201951
vt 0.245549 0.212666
vt 0.244345 0.208848
vt 0.252470 0.213204
vt 0.245513 0.200523
vt 0.250917 0.210374
vt 0.248991 0.206864
vt 0.257810 0.209551
vt 0.248512 0.198471
vt 0.255735 0.207078
vt 0.253161 0.204011
vt 0.262335 0.204927
vt 0.251054 0.195873
vt 0.259817 0.202906
vt 0.256695 0.200400
vt 0.265871 0.199508
vt 0.253041 0.192829
vt 0.263007 0.198017
vt 0.259456 0.196168
vt 0.268281 0.193504
vt 0.254395 0.189456
vt 0.265182 0.192600
vt 0.261338 0.191480
vt 0.269474 0.187144
vt 0.255065 0.185884
vt 0.266258 0.186863
vt 0.262270 0.186514
vt 0.269404 0.180675
vt 0.255025 0.182249
vt 0.266194 0.181026
vt 0.262214 0.181462
vt 0.268072 0.174343
vt 0.254277 0.178692
vt 0.264993 0.175314
vt 0.261175 0.176518
vt 0.265531 0.168393
vt 0.252850 0.175350
vt 0.262701 0.169946
vt 0.259190 0.171871
vt 0.261878 0.163053
vt 0.250798 0.172350
vt 0.259405 0.165128
vt 0.256338 0.167701
vt 0.257253 0.158528
vt 0.248200 0.169808
vt 0.255233 0.161045
vt 0.252727 0.164168
vt 0.251835 0.154992
vt 0.245156 0.167822
vt 0.250344 0.157856
vt 0.248495 0.161407
vt 0.245830 0.152581
vt 0.241783 0.166468
vt 0.244927 0.155681
vt 0.243807 0.159525
vt 0.239471 0.151388
vt 0.238211 0.165798
vt 0.239190 0.154604
vt 0.238841 0.158593
vt 0.233002 0.151459
vt 0.234576 0.165837
vt 0.233353 0.154668
vt 0.233789 0.158648
vt 0.226670 0.152790
vt 0.231019 0.166585
vt 0.227641 0.155869
vt 0.228845 0.159688
vt 0.220720 0.155331
vt 0.227677 0.168013
vt 0.222272 0.158162
vt 0.224198 0.161672
vt 0.215379 0.158984
vt 0.224677 0.170065
vt 0.217455 0.161457
vt 0.220028 0.164525
vt 0.210855 0.163609
vt 0.222135 0.172663
vt 0.213372 0.165630
vt 0.216495 0.168136
vt 0.207319 0.169028
vt 0.220149 0.175707
vt 0.210182 0.170518
vt 0.213734 0.172367
vt 0.204908 0.175032
vt 0.218795 0.179080
vt 0.208007 0.175935
vt 0.211851 0.177056
vt 0.203715 0.181391
vt 0.218124 0.182652
vt 0.206931 0.181673
vt 0.210920 0.182022
vt 0.203786 0.187861
vt 0.218164 0.186286
vt 0.206995 0.187510
vt 0.210975 0.187074
vt 0.205117 0.194193
vt 0.218912 0.189843
vt 0.208196 0.193222
vt 0.212015 0.192018
vt 0.207658 0.200143
vt 0.220339 0.193186
vt 0.210489 0.198590
vt 0.213999 0.196664
s 1
usemtl Материал
f 427/821/171 430/828/171 429/826/172 428/824/172
f 428/824/172 429/826/172 432/833/173 431/831/173
f 431/831/173 432/833/173 434/837/174 433/835/174
f 433/835/174 434/837/174 436/841/175 435/839/175
f 435/839/175 436/841/175 438/845/176 437/843/176
f 437/843/176 438/845/176 440/849/177 439/847/177
f 439/847/177 440/849/177 442/853/178 441/851/178
f 441/851/178 442/853/178 444/857/179 443/855/179
f 443/855/179 444/857/179 446/861/180 445/859/180
f 445/859/180 446/861/180 448/865/181 447/863/181
f 447/863/181 448/865/181 450/869/182 449/867/182
f 449/867/182 450/869/182 452/873/183 451/871/183
f 451/871/183 452/873/183 454/877/184 453/875/184
f 453/875/184 454/877/184 456/881/185 455/879/185
f 455/879/185 456/881/185 458/885/186 457/883/186
f 457/883/186 458/885/186 460/889/187 459/887/187
f 459/887/187 460/889/187 462/893/188 461/891/188
f 461/891/188 462/893/188 464/897/189 463/895/189
f 463/895/189 464/897/189 466/901/190 465/899/190
f 465/899/190 466/901/190 468/905/191 467/903/191
f 467/903/191 468/905/191 470/909/192 469/907/192
f 469/907/192 470/909/192 472/913/193 471/911/193
f 471/911/193 472/913/193 474/917/194 473/915/194
f 473/915/194 474/917/194 476/921/195 475/919/195
f 475/919/195 476/921/195 478/925/196 477/923/196
f 477/923/196 478/925/196 480/929/197 479/927/197
f 479/927/197 480/929/197 482/933/198 481/931/198
f 481/931/198 482/933/198 484/937/199 483/935/199
f 483/935/199 484/937/199 486/941/200 485/939/200
f 485/939/200 486/941/200 488/945/201 487/943/201
f 698/1158/202 702/1162/203 684/1144/204
f 487/943/201 488/945/201 490/949/205 489/947/205
f 489/947/205 490/949/205 430/829/171 427/822/171
f 492/952/204 491/951/204 427/823/204 428/825/204
f 494/954/206 493/953/206 429/827/206 430/830/206
f 495/955/204 492/952/204 428/825/204 431/832/204
f 493/953/206 496/956/206 432/834/206 429/827/206
f 497/957/204 495/955/204 431/832/204 433/836/204
f 496/956/206 498/958/206 434/838/206 432/834/206
f 499/959/204 497/957/204 433/836/204 435/840/204
f 498/958/206 500/960/206 436/842/206 434/838/206
f 501/961/204 499/959/204 435/840/204 437/844/204
f 500/960/206 502/962/206 438/846/206 436/842/206
f 503/963/204 501/961/204 437/844/204 439/848/204
f 502/962/206 504/964/206 440/850/206 438/846/206
f 505/965/204 503/963/204 439/848/204 441/852/204
f 504/964/206 506/966/206 442/854/206 440/850/206
f 507/967/204 505/965/204 441/852/204 443/856/204
f 506/966/206 508/968/206 444/858/206 442/854/206
f 509/969/204 507/967/204 443/856/204 445/860/204
f 508/968/206 510/970/206 446/862/206 444/858/206
f 511/971/204 509/969/204 445/860/204 447/864/204
f 510/970/206 512/972/206 448/866/206 446/862/206
f 513/973/204 511/971/204 447/864/204 449/868/204
f 512/972/206 514/974/206 450/870/206 448/866/206
f 515/975/204 513/973/204 449/868/204 451/872/204
f 514/974/206 516/976/206 452/874/206 450/870/206
f 517/977/204 515/975/204 451/872/204 453/876/204
f 516/976/206 518/978/206 454/878/206 452/874/206
f 519/979/204 517/977/204 453/876/204 455/880/204
f 518/978/206 520/980/206 456/882/206 454/878/206
f 521/981/204 519/979/204 455/880/204 457/884/204
f 520/980/206 522/982/206 458/886/206 456/882/206
f 523/983/204 521/981/204 457/884/204 459/888/204
f 522/982/206 524/984/206 460/890/206 458/886/206
f 525/985/204 523/983/204 459/888/204 461/892/204
f 524/984/206 526/986/206 462/894/206 460/890/206
f 527/987/204 525/985/204 461/892/204 463/896/204
f 526/986/206 528/988/206 464/898/206 462/894/206
f 529/989/204 527/987/204 463/896/204 465/900/204
f 528/988/206 530/990/206 466/902/206 464/898/206
f 531/991/204 529/989/204 465/900/204 467/904/204
f 530/990/206 532/992/206 468/906/206 466/902/206
f 533/993/204 531/991/204 467/904/204 469/908/204
f 532/992/206 534/994/206 470/910/206 468/906/206
f 535/995/204 533/993/204 469/908/204 471/912/204
f 534/994/206 536/996/206 472/914/206 470/910/206
f 537/997/204 535/995/204 471/912/204 473/916/204
f 536/996/206 538/998/206 474/918/206 472/914/206
f 539/999/204 537/997/204 473/916/204 475/920/204
f 538/998/206 540/1000/206 476/922/206 474/918/206
f 541/1001/204 539/999/204 475/920/204 477/924/204
f 540/1000/206 542/1002/206 478/926/206 476/922/206
f 543/1003/204 541/1001/204 477/924/204 479/928/204
f 542/1002/206 544/1004/206 480/930/206 478/926/206
f 545/1005/204 543/1003/204 479/928/204 481/932/204
f 544/1004/206 546/1006/206 482/934/206 480/930/206
f 547/1007/204 545/1005/204 481/932/204 483/936/204
f 546/1006/206 548/1008/206 484/938/206 482/934/206
f 549/1009/204 547/1007/204 483/936/204 485/940/204
f 548/1008/206 550/1010/206 486/942/206 484/938/206
f 551/1011/204 549/1009/204 485/940/204 487/944/204
f 550/1010/206 552/1012/206 488/946/206 486/942/206
f 553/1013/204 551/1011/204 487/944/204 489/948/204
f 552/1012/206 554/1014/206 490/950/206 488/946/206
f 491/951/204 553/1013/204 489/948/204 427/823/204
f 554/1014/206 494/954/206 430/830/206 490/950/206
f 365/759/207 363/757/208 491/951/208 492/952/207
f 364/758/209 366/760/210 493/953/210 494/954/209
f 367/761/211 365/759/207 492/952/207 495/955/211
f 366/760/210 368/762/212 496/956/212 493/953/210
f 369/763/213 367/761/211 495/955/211 497/957/213
f 368/762/212 370/764/214 498/958/214 496/956/212
f 371/765/215 369/763/213 497/957/213 499/959/215
f 370/764/214 372/766/216 500/960/216 498/958/214
f 373/767/217 371/765/215 499/959/215 501/961/217
f 372/766/216 374/768/218 502/962/218 500/960/216
f 375/769/219 373/767/217 501/961/217 503/963/219
f 374/768/218 376/770/220 504/964/220 502/962/218
f 377/771/221 375/769/219 503/963/219 505/965/221
f 376/770/220 378/772/222 506/966/222 504/964/220
f 379/773/223 377/771/221 505/965/221 507/967/223
f 378/772/222 380/774/224 508/968/224 506/966/222
f 381/775/225 379/773/223 507/967/223 509/969/225
f 380/774/224 382/776/226 510/970/226 508/968/224
f 383/777/227 381/775/225 509/969/225 511/971/227
f 382/776/226 384/778/228 512/972/228 510/970/226
f 385/779/229 383/777/227 511/971/227 513/973/229
f 384/778/228 386/780/230 514/974/230 512/972/228
f 387/781/231 385/779/229 513/973/229 515/975/231
f 386/780/230 388/782/232 516/976/232 514/974/230
f 389/783/233 387/781/231 515/975/231 517/977/233
f 388/782/232 390/784/234 518/978/234 516/976/232
f 391/785/235 389/783/233 517/977/233 519/979/235
f 390/784/234 392/786/236 520/980/236 518/978/234
f 393/787/237 391/785/235 519/979/235 521/981/237
f 392/786/236 394/788/238 522/982/238 520/980/236
f 395/789/239 393/787/237 521/981/237 523/983/239
f 394/788/238 396/790/240 524/984/240 522/982/238
f 397/791/241 395/789/239 523/983/239 525/985/241
f 396/790/240 398/792/242 526/986/242 524/984/240
f 399/793/243 397/791/241 525/985/241 527/987/243
f 398/792/242 400/794/244 528/988/244 526/986/242
f 401/795/245 399/793/243 527/987/243 529/989/245
f 400/794/244 402/796/246 530/990/246 528/988/244
f 403/797/247 401/795/245 529/989/245 531/991/247
f 402/796/246 404/798/248 532/992/248 530/990/246
f 405/799/249 403/797/247 531/991/247 533/993/249
f 404/798/248 406/800/250 534/994/250 532/992/248
f 407/801/251 405/799/249 533/993/249 535/995/251
f 406/800/250 408/802/252 536/996/252 534/994/250
f 409/803/253 407/801/251 535/995/251 537/997/253
f 408/802/252 410/804/254 538/998/254 536/996/252
f 411/805/255 409/803/253 537/997/253 539/999/255
f 410/804/254 412/806/256 540/1000/256 538/998/254
f 413/807/257 411/805/255 539/999/255 541/1001/257
f 412/806/256 414/808/258 542/1002/258 540/1000/256
f 415/809/259 413/807/257 541/1001/257 543/1003/259
f 414/808/258 416/810/260 544/1004/260 542/1002/258
f 417/811/261 415/809/259 543/1003/259 545/1005/261
f 416/810/260 418/812/262 546/1006/262 544/1004/260
f 419/813/263 417/811/261 545/1005/261 547/1007/263
f 418/812/262 420/814/264 548/1008/264 546/1006/262
f 421/815/265 419/813/263 547/1007/263 549/1009/265
f 420/814/264 422/816/266 550/1010/266 548/1008/264
f 423/817/267 421/815/265 549/1009/265 551/1011/267
f 422/816/266 424/818/268 552/1012/268 550/1010/266
f 425/819/269 423/817/267 551/1011/267 553/1013/269
f 424/818/268 426/820/270 554/1014/270 552/1012/268
f 363/757/208 425/819/269 553/1013/269 491/951/208
f 426/820/270 364/758/209 494/954/209 554/1014/270
f 648/1108/271 644/1104/272 555/1015/206
f 620/1080/273 616/1076/274 555/1015/206
f 592/1052/275 588/1048/276 555/1015/206
f 672/1132/277 668/1128/278 555/1015/206
f 564/1024/279 556/1016/280 555/1015/206
f 644/1104/272 640/1100/281 555/1015/206
f 616/1076/274 612/1072/282 555/1015/206
f 588/1048/276 584/1044/283 555/1015/206
f 668/1128/278 664/1124/284 555/1015/206
f 556/1016/280 561/1021/285 555/1015/206
f 640/1100/281 636/1096/286 555/1015/206
f 612/1072/282 608/1068/287 555/1015/206
f 584/1044/283 580/1040/288 555/1015/206
f 664/1124/284 660/1120/289 555/1015/206
f 636/1096/286 632/1092/290 555/1015/206
f 608/1068/287 604/1064/291 555/1015/206
f 580/1040/288 576/1036/292 555/1015/206
f 660/1120/289 656/1116/293 555/1015/206
f 632/1092/290 628/1088/294 555/1015/206
f 604/1064/291 600/1060/295 555/1015/206
f 561/1021/285 680/1140/296 555/1015/206
f 576/1036/292 572/1032/297 555/1015/206
f 656/1116/293 652/1112/298 555/1015/206
f 628/1088/294 624/1084/299 555/1015/206
f 600/1060/295 596/1056/300 555/1015/206
f 680/1140/296 676/1136/301 555/1015/206
f 572/1032/297 568/1028/302 555/1015/206
f 652/1112/298 648/1108/271 555/1015/206
f 624/1084/299 620/1080/273 555/1015/206
f 596/1056/300 592/1052/275 555/1015/206
f 676/1136/301 672/1132/277 555/1015/206
f 568/1028/302 564/1024/279 555/1015/206
f 778/1238/303 782/1242/304 684/1144/204
f 750/1210/305 754/1214/306 684/1144/204
f 722/1182/307 726/1186/308 684/1144/204
f 802/1262/309 806/1266/310 684/1144/204
f 694/1154/311 698/1158/202 684/1144/204
f 774/1234/312 778/1238/303 684/1144/204
f 746/1206/313 750/1210/305 684/1144/204
f 718/1178/314 722/1182/307 684/1144/204
f 798/1258/315 802/1262/309 684/1144/204
f 690/1150/316 694/1154/311 684/1144/204
f 770/1230/317 774/1234/312 684/1144/204
f 742/1202/318 746/1206/313 684/1144/204
f 714/1174/319 718/1178/314 684/1144/204
f 794/1254/320 798/1258/315 684/1144/204
f 685/1145/321 690/1150/316 684/1144/204
f 766/1226/322 770/1230/317 684/1144/204
f 738/1198/323 742/1202/318 684/1144/204
f 710/1170/324 714/1174/319 684/1144/204
f 790/1250/325 794/1254/320 684/1144/204
f 762/1222/326 766/1226/322 684/1144/204
f 734/1194/327 738/1198/323 684/1144/204
f 706/1166/328 710/1170/324 684/1144/204
f 786/1246/329 790/1250/325 684/1144/204
f 758/1218/330 762/1222/326 684/1144/204
f 730/1190/331 734/1194/327 684/1144/204
f 810/1270/332 685/1145/321 684/1144/204
f 702/1162/203 706/1166/328 684/1144/204
f 782/1242/304 786/1246/329 684/1144/204
f 754/1214/306 758/1218/330 684/1144/204
f 726/1186/308 730/1190/331 684/1144/204
f 806/1266/310 810/1270/332 684/1144/204
f 368/762/173 366/760/172 557/1017/333 565/1025/334
f 370/764/174 368/762/173 565/1025/334 569/1029/335
f 426/820/205 424/818/201 677/1137/336 681/1141/337
f 424/818/201 422/816/200 673/1133/338 677/1137/336
f 422/816/200 420/814/199 669/1129/339 673/1133/338
f 420/814/199 418/812/198 665/1125/340 669/1129/339
f 418/812/198 416/810/197 661/1121/341 665/1125/340
f 416/810/197 414/808/196 657/1117/342 661/1121/341
f 414/808/196 412/806/195 653/1113/343 657/1117/342
f 412/806/195 410/804/194 649/1109/344 653/1113/343
f 410/804/194 408/802/193 645/1105/345 649/1109/344
f 408/802/193 406/800/192 641/1101/346 645/1105/345
f 406/800/192 404/798/191 637/1097/347 641/1101/346
f 404/798/191 402/796/190 633/1093/348 637/1097/347
f 402/796/190 400/794/189 629/1089/349 633/1093/348
f 400/794/189 398/792/188 625/1085/350 629/1089/349
f 398/792/188 396/790/187 621/1081/351 625/1085/350
f 396/790/187 394/788/186 617/1077/352 621/1081/351
f 394/788/186 392/786/185 613/1073/353 617/1077/352
f 392/786/185 390/784/184 609/1069/354 613/1073/353
f 390/784/184 388/782/183 605/1065/355 609/1069/354
f 388/782/183 386/780/182 601/1061/356 605/1065/355
f 386/780/182 384/778/181 597/1057/357 601/1061/356
f 384/778/181 382/776/180 593/1053/358 597/1057/357
f 382/776/180 380/774/179 589/1049/359 593/1053/358
f 380/774/179 378/772/178 585/1045/360 589/1049/359
f 378/772/178 376/770/177 581/1041/361 585/1045/360
f 376/770/177 374/768/176 577/1037/362 581/1041/361
f 374/768/176 372/766/175 573/1033/363 577/1037/362
f 372/766/175 370/764/174 569/1029/335 573/1033/363
f 364/758/171 426/820/205 681/1141/337 560/1020/364
f 557/1017/333 560/1020/364 562/1022/365 559/1019/366
f 559/1019/366 562/1022/367 563/1023/368 558/1018/369
f 558/1018/369 563/1023/368 561/1021/285 556/1016/280
f 565/1025/334 557/1017/333 559/1019/366 567/1027/370
f 567/1027/370 559/1019/366 558/1018/369 566/1026/371
f 566/1026/371 558/1018/369 556/1016/280 564/1024/279
f 569/1029/335 565/1025/334 567/1027/370 571/1031/372
f 571/1031/372 567/1027/370 566/1026/371 570/1030/373
f 570/1030/374 566/1026/371 564/1024/279 568/1028/302
f 573/1033/363 569/1029/335 571/1031/372 575/1035/375
f 575/1035/375 571/1031/372 570/1030/373 574/1034/376
f 574/1034/376 570/1030/374 568/1028/302 572/1032/297
f 577/1037/362 573/1033/363 575/1035/375 579/1039/377
f 579/1039/377 575/1035/375 574/1034/376 578/1038/378
f 578/1038/378 574/1034/376 572/1032/297 576/1036/292
f 581/1041/361 577/1037/362 579/1039/377 583/1043/379
f 583/1043/379 579/1039/377 578/1038/378 582/1042/380
f 582/1042/380 578/1038/378 576/1036/292 580/1040/288
f 585/1045/360 581/1041/361 583/1043/379 587/1047/381
f 587/1047/381 583/1043/379 582/1042/380 586/1046/382
f 586/1046/382 582/1042/380 580/1040/288 584/1044/283
f 589/1049/359 585/1045/360 587/1047/381 591/1051/383
f 591/1051/383 587/1047/381 586/1046/382 590/1050/384
f 590/1050/384 586/1046/382 584/1044/283 588/1048/276
f 593/1053/358 589/1049/359 591/1051/383 595/1055/385
f 595/1055/385 591/1051/383 590/1050/384 594/1054/386
f 594/1054/386 590/1050/384 588/1048/276 592/1052/275
f 597/1057/357 593/1053/358 595/1055/385 599/1059/387
f 599/1059/387 595/1055/385 594/1054/386 598/1058/388
f 598/1058/388 594/1054/386 592/1052/275 596/1056/300
f 601/1061/356 597/1057/357 599/1059/387 603/1063/389
f 603/1063/389 599/1059/387 598/1058/388 602/1062/390
f 602/1062/390 598/1058/388 596/1056/300 600/1060/295
f 605/1065/355 601/1061/356 603/1063/389 607/1067/391
f 607/1067/391 603/1063/389 602/1062/390 606/1066/392
f 606/1066/392 602/1062/390 600/1060/295 604/1064/291
f 609/1069/354 605/1065/355 607/1067/391 611/1071/393
f 611/1071/394 607/1067/391 606/1066/392 610/1070/395
f 610/1070/395 606/1066/392 604/1064/291 608/1068/287
f 613/1073/353 609/1069/354 611/1071/393 615/1075/396
f 615/1075/397 611/1071/394 610/1070/395 614/1074/398
f 614/1074/398 610/1070/395 608/1068/287 612/1072/282
f 617/1077/352 613/1073/353 615/1075/396 619/1079/399
f 619/1079/400 615/1075/397 614/1074/398 618/1078/401
f 618/1078/401 614/1074/398 612/1072/282 616/1076/274
f 621/1081/351 617/1077/352 619/1079/399 623/1083/402
f 623/1083/403 619/1079/400 618/1078/401 622/1082/404
f 622/1082/404 618/1078/401 616/1076/274 620/1080/273
f 625/1085/350 621/1081/351 623/1083/402 627/1087/405
f 627/1087/406 623/1083/403 622/1082/404 626/1086/407
f 626/1086/407 622/1082/404 620/1080/273 624/1084/299
f 629/1089/349 625/1085/350 627/1087/405 631/1091/408
f 631/1091/409 627/1087/406 626/1086/407 630/1090/410
f 630/1090/410 626/1086/407 624/1084/299 628/1088/294
f 633/1093/348 629/1089/349 631/1091/408 635/1095/411
f 635/1095/412 631/1091/409 630/1090/410 634/1094/413
f 634/1094/413 630/1090/410 628/1088/294 632/1092/290
f 637/1097/347 633/1093/348 635/1095/411 639/1099/414
f 639/1099/414 635/1095/412 634/1094/413 638/1098/415
f 638/1098/416 634/1094/413 632/1092/290 636/1096/286
f 641/1101/346 637/1097/347 639/1099/414 643/1103/417
f 643/1103/417 639/1099/414 638/1098/415 642/1102/418
f 642/1102/418 638/1098/416 636/1096/286 640/1100/281
f 645/1105/345 641/1101/346 643/1103/417 647/1107/419
f 647/1107/420 643/1103/417 642/1102/418 646/1106/421
f 646/1106/421 642/1102/418 640/1100/281 644/1104/272
f 649/1109/344 645/1105/345 647/1107/419 651/1111/422
f 651/1111/423 647/1107/420 646/1106/421 650/1110/424
f 650/1110/424 646/1106/421 644/1104/272 648/1108/271
f 653/1113/343 649/1109/344 651/1111/422 655/1115/425
f 655/1115/425 651/1111/423 650/1110/424 654/1114/426
f 654/1114/427 650/1110/424 648/1108/271 652/1112/298
f 657/1117/342 653/1113/343 655/1115/425 659/1119/428
f 659/1119/428 655/1115/425 654/1114/426 658/1118/429
f 658/1118/430 654/1114/427 652/1112/298 656/1116/293
f 661/1121/341 657/1117/342 659/1119/428 663/1123/431
f 663/1123/431 659/1119/428 658/1118/429 662/1122/432
f 662/1122/432 658/1118/430 656/1116/293 660/1120/289
f 665/1125/340 661/1121/341 663/1123/431 667/1127/433
f 667/1127/433 663/1123/431 662/1122/432 666/1126/434
f 666/1126/434 662/1122/432 660/1120/289 664/1124/284
f 669/1129/339 665/1125/340 667/1127/433 671/1131/435
f 671/1131/435 667/1127/433 666/1126/434 670/1130/436
f 670/1130/436 666/1126/434 664/1124/284 668/1128/278
f 673/1133/338 669/1129/339 671/1131/435 675/1135/437
f 675/1135/437 671/1131/435 670/1130/436 674/1134/438
f 674/1134/438 670/1130/436 668/1128/278 672/1132/277
f 677/1137/336 673/1133/338 675/1135/437 679/1139/439
f 679/1139/439 675/1135/437 674/1134/438 678/1138/440
f 678/1138/440 674/1134/438 672/1132/277 676/1136/301
f 681/1141/337 677/1137/336 679/1139/439 683/1143/441
f 683/1143/442 679/1139/439 678/1138/440 682/1142/443
f 682/1142/443 678/1138/440 676/1136/301 680/1140/296
f 560/1020/364 681/1141/337 683/1143/441 562/1022/365
f 562/1022/367 683/1143/442 682/1142/443 563/1023/368
f 563/1023/368 682/1142/443 680/1140/296 561/1021/285
f 366/760/172 364/758/171 560/1020/364 557/1017/333
f 365/759/172 367/761/173 693/1153/444 689/1149/445
f 367/761/173 369/763/174 697/1157/446 693/1153/444
f 369/763/174 371/765/175 701/1161/447 697/1157/446
f 371/765/175 373/767/176 705/1165/448 701/1161/447
f 373/767/176 375/769/177 709/1169/449 705/1165/448
f 375/769/177 377/771/178 713/1173/450 709/1169/449
f 377/771/178 379/773/179 717/1177/451 713/1173/450
f 379/773/179 381/775/180 721/1181/452 717/1177/451
f 381/775/180 383/777/181 725/1185/453 721/1181/452
f 383/777/181 385/779/182 729/1189/454 725/1185/453
f 385/779/182 387/781/183 733/1193/455 729/1189/454
f 387/781/183 389/783/184 737/1197/456 733/1193/455
f 389/783/184 391/785/185 741/1201/457 737/1197/456
f 391/785/185 393/787/186 745/1205/458 741/1201/457
f 393/787/186 395/789/187 749/1209/459 745/1205/458
f 395/789/187 397/791/188 753/1213/460 749/1209/459
f 397/791/188 399/793/189 757/1217/461 753/1213/460
f 399/793/189 401/795/190 761/1221/462 757/1217/461
f 401/795/190 403/797/191 765/1225/463 761/1221/462
f 403/797/191 405/799/192 769/1229/464 765/1225/463
f 405/799/192 407/801/193 773/1233/465 769/1229/464
f 407/801/193 409/803/194 777/1237/466 773/1233/465
f 409/803/194 411/805/195 781/1241/467 777/1237/466
f 411/805/195 413/807/196 785/1245/468 781/1241/467
f 413/807/196 415/809/197 789/1249/469 785/1245/468
f 415/809/197 417/811/198 793/1253/470 789/1249/469
f 417/811/198 419/813/199 797/1257/471 793/1253/470
f 419/813/199 421/815/200 801/1261/472 797/1257/471
f 421/815/200 423/817/201 805/1265/473 801/1261/472
f 423/817/201 425/819/205 809/1269/474 805/1265/473
f 363/757/171 365/759/172 689/1149/445 686/1146/475
f 686/1146/475 689/1149/445 691/1151/476 688/1148/477
f 688/1148/477 691/1151/476 692/1152/478 687/1147/479
f 687/1147/479 692/1152/478 690/1150/316 685/1145/321
f 689/1149/445 693/1153/444 695/1155/480 691/1151/476
f 691/1151/476 695/1155/480 696/1156/481 692/1152/478
f 692/1152/478 696/1156/482 694/1154/311 690/1150/316
f 693/1153/444 697/1157/446 699/1159/483 695/1155/480
f 695/1155/480 699/1159/483 700/1160/484 696/1156/481
f 696/1156/482 700/1160/485 698/1158/202 694/1154/311
f 697/1157/446 701/1161/447 703/1163/486 699/1159/483
f 699/1159/483 703/1163/486 704/1164/487 700/1160/484
f 700/1160/485 704/1164/488 702/1162/203 698/1158/202
f 701/1161/447 705/1165/448 707/1167/489 703/1163/486
f 703/1163/486 707/1167/489 708/1168/490 704/1164/487
f 704/1164/488 708/1168/491 706/1166/328 702/1162/203
f 705/1165/448 709/1169/449 711/1171/492 707/1167/489
f 707/1167/489 711/1171/492 712/1172/493 708/1168/490
f 708/1168/491 712/1172/494 710/1170/324 706/1166/328
f 709/1169/449 713/1173/450 715/1175/495 711/1171/492
f 711/1171/492 715/1175/495 716/1176/496 712/1172/493
f 712/1172/494 716/1176/497 714/1174/319 710/1170/324
f 713/1173/450 717/1177/451 719/1179/498 715/1175/495
f 715/1175/495 719/1179/499 720/1180/499 716/1176/496
f 716/1176/497 720/1180/500 718/1178/314 714/1174/319
f 717/1177/451 721/1181/452 723/1183/501 719/1179/498
f 719/1179/499 723/1183/501 724/1184/502 720/1180/499
f 720/1180/500 724/1184/503 722/1182/307 718/1178/314
f 721/1181/452 725/1185/453 727/1187/504 723/1183/501
f 723/1183/501 727/1187/504 728/1188/505 724/1184/502
f 724/1184/503 728/1188/506 726/1186/308 722/1182/307
f 725/1185/453 729/1189/454 731/1191/507 727/1187/504
f 727/1187/504 731/1191/507 732/1192/508 728/1188/505
f 728/1188/506 732/1192/509 730/1190/331 726/1186/308
f 729/1189/454 733/1193/455 735/1195/510 731/1191/507
f 731/1191/507 735/1195/510 736/1196/511 732/1192/508
f 732/1192/509 736/1196/512 734/1194/327 730/1190/331
f 733/1193/455 737/1197/456 739/1199/513 735/1195/510
f 735/1195/510 739/1199/513 740/1200/514 736/1196/511
f 736/1196/512 740/1200/515 738/1198/323 734/1194/327
f 737/1197/456 741/1201/457 743/1203/516 739/1199/513
f 739/1199/513 743/1203/516 744/1204/517 740/1200/514
f 740/1200/515 744/1204/518 742/1202/318 738/1198/323
f 741/1201/457 745/1205/458 747/1207/519 743/1203/516
f 743/1203/516 747/1207/519 748/1208/520 744/1204/517
f 744/1204/518 748/1208/521 746/1206/313 742/1202/318
f 745/1205/458 749/1209/459 751/1211/522 747/1207/519
f 747/1207/519 751/1211/522 752/1212/523 748/1208/520
f 748/1208/521 752/1212/524 750/1210/305 746/1206/313
f 749/1209/459 753/1213/460 755/1215/525 751/1211/522
f 751/1211/522 755/1215/525 756/1216/526 752/1212/523
f 752/1212/524 756/1216/527 754/1214/306 750/1210/305
f 753/1213/460 757/1217/461 759/1219/528 755/1215/525
f 755/1215/525 759/1219/528 760/1220/529 756/1216/526
f 756/1216/527 760/1220/530 758/1218/330 754/1214/306
f 757/1217/461 761/1221/462 763/1223/531 759/1219/528
f 759/1219/528 763/1223/531 764/1224/532 760/1220/529
f 760/1220/530 764/1224/533 762/1222/326 758/1218/330
f 761/1221/462 765/1225/463 767/1227/534 763/1223/531
f 763/1223/531 767/1227/534 768/1228/535 764/1224/532
f 764/1224/533 768/1228/536 766/1226/322 762/1222/326
f 765/1225/463 769/1229/464 771/1231/537 767/1227/534
f 767/1227/534 771/1231/537 772/1232/538 768/1228/535
f 768/1228/536 772/1232/539 770/1230/317 766/1226/322
f 769/1229/464 773/1233/465 775/1235/540 771/1231/537
f 771/1231/537 775/1235/540 776/1236/541 772/1232/538
f 772/1232/539 776/1236/542 774/1234/312 770/1230/317
f 773/1233/465 777/1237/466 779/1239/543 775/1235/540
f 775/1235/540 779/1239/543 780/1240/544 776/1236/541
f 776/1236/542 780/1240/544 778/1238/303 774/1234/312
f 777/1237/466 781/1241/467 783/1243/545 779/1239/543
f 779/1239/543 783/1243/545 784/1244/546 780/1240/544
f 780/1240/544 784/1244/546 782/1242/304 778/1238/303
f 781/1241/467 785/1245/468 787/1247/547 783/1243/545
f 783/1243/545 787/1247/547 788/1248/548 784/1244/546
f 784/1244/546 788/1248/548 786/1246/329 782/1242/304
f 785/1245/468 789/1249/469 791/1251/549 787/1247/547
f 787/1247/547 791/1251/549 792/1252/550 788/1248/548
f 788/1248/548 792/1252/551 790/1250/325 786/1246/329
f 789/1249/469 793/1253/470 795/1255/552 791/1251/549
f 791/1251/549 795/1255/552 796/1256/553 792/1252/550
f 792/1252/551 796/1256/554 794/1254/320 790/1250/325
f 793/1253/470 797/1257/471 799/1259/555 795/1255/552
f 795/1255/552 799/1259/555 800/1260/556 796/1256/553
f 796/1256/554 800/1260/556 798/1258/315 794/1254/320
f 797/1257/471 801/1261/472 803/1263/557 799/1259/555
f 799/1259/555 803/1263/557 804/1264/558 800/1260/556
f 800/1260/556 804/1264/558 802/1262/309 798/1258/315
f 801/1261/472 805/1265/473 807/1267/559 803/1263/557
f 803/1263/557 807/1267/559 808/1268/560 804/1264/558
f 804/1264/558 808/1268/561 806/1266/310 802/1262/309
f 805/1265/473 809/1269/474 811/1271/562 807/1267/559
f 807/1267/559 811/1271/562 812/1272/563 808/1268/560
f 808/1268/561 812/1272/564 810/1270/332 806/1266/310
f 809/1269/474 686/1146/475 688/1148/477 811/1271/562
f 811/1271/562 688/1148/477 687/1147/479 812/1272/563
f 812/1272/564 687/1147/479 685/1145/321 810/1270/332
f 425/819/205 363/757/171 686/1146/475 809/1269/474
f 877/1337/171 880/1344/171 879/1342/172 878/1340/172
f 878/1340/172 879/1342/172 882/1349/173 881/1347/173
f 881/1347/173 882/1349/173 884/1353/174 883/1351/174
f 883/1351/174 884/1353/174 886/1357/175 885/1355/175
f 885/1355/175 886/1357/175 888/1361/176 887/1359/176
f 887/1359/176 888/1361/176 890/1365/177 889/1363/177
f 889/1363/177 890/1365/177 892/1369/178 891/1367/178
f 891/1367/178 892/1369/178 894/1373/179 893/1371/179
f 893/1371/179 894/1373/179 896/1377/180 895/1375/180
f 895/1375/180 896/1377/180 898/1381/181 897/1379/181
f 897/1379/181 898/1381/181 900/1385/182 899/1383/182
f 899/1383/182 900/1385/182 902/1389/183 901/1387/183
f 901/1387/183 902/1389/183 904/1393/184 903/1391/184
f 903/1391/184 904/1393/184 906/1397/185 905/1395/185
f 905/1395/185 906/1397/185 908/1401/186 907/1399/186
f 907/1399/186 908/1401/186 910/1405/187 909/1403/187
f 909/1403/187 910/1405/187 912/1409/188 911/1407/188
f 911/1407/188 912/1409/188 914/1413/189 913/1411/189
f 913/1411/189 914/1413/189 916/1417/190 915/1415/190
f 915/1415/190 916/1417/190 918/1421/191 917/1419/191
f 917/1419/191 918/1421/191 920/1425/192 919/1423/192
f 919/1423/192 920/1425/192 922/1429/193 921/1427/193
f 921/1427/193 922/1429/193 924/1433/194 923/1431/194
f 923/1431/194 924/1433/194 926/1437/195 925/1435/195
f 925/1435/195 926/1437/195 928/1441/196 927/1439/196
f 927/1439/196 928/1441/196 930/1445/197 929/1443/197
f 929/1443/197 930/1445/197 932/1449/198 931/1447/198
f 931/1447/198 932/1449/198 934/1453/199 933/1451/199
f 933/1451/199 934/1453/199 936/1457/200 935/1455/200
f 935/1455/200 936/1457/200 938/1461/201 937/1459/201
f 1148/1674/202 1152/1678/203 1134/1660/204
f 937/1459/201 938/1461/201 940/1465/205 939/1463/205
f 939/1463/205 940/1465/205 880/1345/171 877/1338/171
f 942/1468/204 941/1467/204 877/1339/204 878/1341/204
f 944/1470/206 943/1469/206 879/1343/206 880/1346/206
f 945/1471/204 942/1468/204 878/1341/204 881/1348/204
f 943/1469/206 946/1472/206 882/1350/206 879/1343/206
f 947/1473/204 945/1471/204 881/1348/204 883/1352/204
f 946/1472/206 948/1474/206 884/1354/206 882/1350/206
f 949/1475/204 947/1473/204 883/1352/204 885/1356/204
f 948/1474/206 950/1476/206 886/1358/206 884/1354/206
f 951/1477/204 949/1475/204 885/1356/204 887/1360/204
f 950/1476/206 952/1478/206 888/1362/206 886/1358/206
f 953/1479/204 951/1477/204 887/1360/204 889/1364/204
f 952/1478/206 954/1480/206 890/1366/206 888/1362/206
f 955/1481/204 953/1479/204 889/1364/204 891/1368/204
f 954/1480/206 956/1482/206 892/1370/206 890/1366/206
f 957/1483/204 955/1481/204 891/1368/204 893/1372/204
f 956/1482/206 958/1484/206 894/1374/206 892/1370/206
f 959/1485/204 957/1483/204 893/1372/204 895/1376/204
f 958/1484/206 960/1486/206 896/1378/206 894/1374/206
f 961/1487/204 959/1485/204 895/1376/204 897/1380/204
f 960/1486/206 962/1488/206 898/1382/206 896/1378/206
f 963/1489/204 961/1487/204 897/1380/204 899/1384/204
f 962/1488/206 964/1490/206 900/1386/206 898/1382/206
f 965/1491/204 963/1489/204 899/1384/204 901/1388/204
f 964/1490/206 966/1492/206 902/1390/206 900/1386/206
f 967/1493/204 965/1491/204 901/1388/204 903/1392/204
f 966/1492/206 968/1494/206 904/1394/206 902/1390/206
f 969/1495/204 967/1493/204 903/1392/204 905/1396/204
f 968/1494/206 970/1496/206 906/1398/206 904/1394/206
f 971/1497/204 969/1495/204 905/1396/204 907/1400/204
f 970/1496/206 972/1498/206 908/1402/206 906/1398/206
f 973/1499/204 971/1497/204 907/1400/204 909/1404/204
f 972/1498/206 974/1500/206 910/1406/206 908/1402/206
f 975/1501/204 973/1499/204 909/1404/204 911/1408/204
f 974/1500/206 976/1502/206 912/1410/206 910/1406/206
f 977/1503/204 975/1501/204 911/1408/204 913/1412/204
f 976/1502/206 978/1504/206 914/1414/206 912/1410/206
f 979/1505/204 977/1503/204 913/1412/204 915/1416/204
f 978/1504/206 980/1506/206 916/1418/206 914/1414/206
f 981/1507/204 979/1505/204 915/1416/204 917/1420/204
f 980/1506/206 982/1508/206 918/1422/206 916/1418/206
f 983/1509/204 981/1507/204 917/1420/204 919/1424/204
f 982/1508/206 984/1510/206 920/1426/206 918/1422/206
f 985/1511/204 983/1509/204 919/1424/204 921/1428/204
f 984/1510/206 986/1512/206 922/1430/206 920/1426/206
f 987/1513/204 985/1511/204 921/1428/204 923/1432/204
f 986/1512/206 988/1514/206 924/1434/206 922/1430/206
f 989/1515/204 987/1513/204 923/1432/204 925/1436/204
f 988/1514/206 990/1516/206 926/1438/206 924/1434/206
f 991/1517/204 989/1515/204 925/1436/204 927/1440/204
f 990/1516/206 992/1518/206 928/1442/206 926/1438/206
f 993/1519/204 991/1517/204 927/1440/204 929/1444/204
f 992/1518/206 994/1520/206 930/1446/206 928/1442/206
f 995/1521/204 993/1519/204 929/1444/204 931/1448/204
f 994/1520/206 996/1522/206 932/1450/206 930/1446/206
f 997/1523/204 995/1521/204 931/1448/204 933/1452/204
f 996/1522/206 998/1524/206 934/1454/206 932/1450/206
f 999/1525/204 997/1523/204 933/1452/204 935/1456/204
f 998/1524/206 1000/1526/206 936/1458/206 934/1454/206
f 1001/1527/204 999/1525/204 935/1456/204 937/1460/204
f 1000/1526/206 1002/1528/206 938/1462/206 936/1458/206
f 1003/1529/204 1001/1527/204 937/1460/204 939/1464/204
f 1002/1528/206 1004/1530/206 940/1466/206 938/1462/206
f 941/1467/204 1003/1529/204 939/1464/204 877/1339/204
f 1004/1530/206 944/1470/206 880/1346/206 940/1466/206
f 815/1275/207 813/1273/208 941/1467/208 942/1468/207
f 814/1274/209 816/1276/210 943/1469/210 944/1470/209
f 817/1277/211 815/1275/207 942/1468/207 945/1471/211
f 816/1276/210 818/1278/212 946/1472/212 943/1469/210
f 819/1279/213 817/1277/211 945/1471/211 947/1473/213
f 818/1278/212 820/1280/214 948/1474/214 946/1472/212
f 821/1281/215 819/1279/213 947/1473/213 949/1475/215
f 820/1280/214 822/1282/216 950/1476/216 948/1474/214
f 823/1283/217 821/1281/215 949/1475/215 951/1477/217
f 822/1282/216 824/1284/218 952/1478/218 950/1476/216
f 825/1285/219 823/1283/217 951/1477/217 953/1479/219
f 824/1284/218 826/1286/220 954/1480/220 952/1478/218
f 827/1287/221 825/1285/219 953/1479/219 955/1481/221
f 826/1286/220 828/1288/222 956/1482/222 954/1480/220
f 829/1289/223 827/1287/221 955/1481/221 957/1483/223
f 828/1288/222 830/1290/224 958/1484/224 956/1482/222
f 831/1291/225 829/1289/223 957/1483/223 959/1485/225
f 830/1290/224 832/1292/226 960/1486/226 958/1484/224
f 833/1293/227 831/1291/225 959/1485/225 961/1487/227
f 832/1292/226 834/1294/228 962/1488/228 960/1486/226
f 835/1295/229 833/1293/227 961/1487/227 963/1489/229
f 834/1294/228 836/1296/230 964/1490/230 962/1488/228
f 837/1297/231 835/1295/229 963/1489/229 965/1491/231
f 836/1296/230 838/1298/232 966/1492/232 964/1490/230
f 839/1299/233 837/1297/231 965/1491/231 967/1493/233
f 838/1298/232 840/1300/234 968/1494/234 966/1492/232
f 841/1301/235 839/1299/233 967/1493/233 969/1495/235
f 840/1300/234 842/1302/236 970/1496/236 968/1494/234
f 843/1303/237 841/1301/235 969/1495/235 971/1497/237
f 842/1302/236 844/1304/238 972/1498/238 970/1496/236
f 845/1305/239 843/1303/237 971/1497/237 973/1499/239
f 844/1304/238 846/1306/240 974/1500/240 972/1498/238
f 847/1307/241 845/1305/239 973/1499/239 975/1501/241
f 846/1306/240 848/1308/242 976/1502/242 974/1500/240
f 849/1309/243 847/1307/241 975/1501/241 977/1503/243
f 848/1308/242 850/1310/244 978/1504/244 976/1502/242
f 851/1311/245 849/1309/243 977/1503/243 979/1505/245
f 850/1310/244 852/1312/246 980/1506/246 978/1504/244
f 853/1313/247 851/1311/245 979/1505/245 981/1507/247
f 852/1312/246 854/1314/248 982/1508/248 980/1506/246
f 855/1315/249 853/1313/247 981/1507/247 983/1509/249
f 854/1314/248 856/1316/250 984/1510/250 982/1508/248
f 857/1317/251 855/1315/249 983/1509/249 985/1511/251
f 856/1316/250 858/1318/252 986/1512/252 984/1510/250
f 859/1319/253 857/1317/251 985/1511/251 987/1513/253
f 858/1318/252 860/1320/254 988/1514/254 986/1512/252
f 861/1321/255 859/1319/253 987/1513/253 989/1515/255
f 860/1320/254 862/1322/256 990/1516/256 988/1514/254
f 863/1323/257 861/1321/255 989/1515/255 991/1517/257
f 862/1322/256 864/1324/258 992/1518/258 990/1516/256
f 865/1325/259 863/1323/257 991/1517/257 993/1519/259
f 864/1324/258 866/1326/260 994/1520/260 992/1518/258
f 867/1327/261 865/1325/259 993/1519/259 995/1521/261
f 866/1326/260 868/1328/262 996/1522/262 994/1520/260
f 869/1329/263 867/1327/261 995/1521/261 997/1523/263
f 868/1328/262 870/1330/264 998/1524/264 996/1522/262
f 871/1331/265 869/1329/263 997/1523/263 999/1525/265
f 870/1330/264 872/1332/266 1000/1526/266 998/1524/264
f 873/1333/267 871/1331/265 999/1525/265 1001/1527/267
f 872/1332/266 874/1334/268 1002/1528/268 1000/1526/266
f 875/1335/269 873/1333/267 1001/1527/267 1003/1529/269
f 874/1334/268 876/1336/270 1004/1530/270 1002/1528/268
f 813/1273/208 875/1335/269 1003/1529/269 941/1467/208
f 876/1336/270 814/1274/209 944/1470/209 1004/1530/270
f 1098/1624/271 1094/1620/272 1005/1531/206
f 1070/1596/273 1066/1592/274 1005/1531/206
f 1042/1568/275 1038/1564/276 1005/1531/206
f 1122/1648/277 1118/1644/278 1005/1531/206
f 1014/1540/279 1006/1532/280 1005/1531/206
f 1094/1620/272 1090/1616/281 1005/1531/206
f 1066/1592/274 1062/1588/282 1005/1531/206
f 1038/1564/276 1034/1560/283 1005/1531/206
f 1118/1644/278 1114/1640/284 1005/1531/206
f 1006/1532/280 1011/1537/285 1005/1531/206
f 1090/1616/281 1086/1612/286 1005/1531/206
f 1062/1588/282 1058/1584/287 1005/1531/206
f 1034/1560/283 1030/1556/288 1005/1531/206
f 1114/1640/284 1110/1636/289 1005/1531/206
f 1086/1612/286 1082/1608/290 1005/1531/206
f 1058/1584/287 1054/1580/291 1005/1531/206
f 1030/1556/288 1026/1552/292 1005/1531/206
f 1110/1636/289 1106/1632/293 1005/1531/206
f 1082/1608/290 1078/1604/294 1005/1531/206
f 1054/1580/291 1050/1576/295 1005/1531/206
f 1011/1537/285 1130/1656/296 1005/1531/206
f 1026/1552/292 1022/1548/297 1005/1531/206
f 1106/1632/293 1102/1628/298 1005/1531/206
f 1078/1604/294 1074/1600/299 1005/1531/206
f 1050/1576/295 1046/1572/300 1005/1531/206
f 1130/1656/296 1126/1652/301 1005/1531/206
f 1022/1548/297 1018/1544/302 1005/1531/206
f 1102/1628/298 1098/1624/271 1005/1531/206
f 1074/1600/299 1070/1596/273 1005/1531/206
f 1046/1572/300 1042/1568/275 1005/1531/206
f 1126/1652/301 1122/1648/277 1005/1531/206
f 1018/1544/302 1014/1540/279 1005/1531/206
f 1228/1754/303 1232/1758/304 1134/1660/204
f 1200/1726/305 1204/1730/306 1134/1660/204
f 1172/1698/307 1176/1702/308 1134/1660/204
f 1252/1778/309 1256/1782/310 1134/1660/204
f 1144/1670/311 1148/1674/202 1134/1660/204
f 1224/1750/312 1228/1754/303 1134/1660/204
f 1196/1722/313 1200/1726/305 1134/1660/204
f 1168/1694/314 1172/1698/307 1134/1660/204
f 1248/1774/315 1252/1778/309 1134/1660/204
f 1140/1666/316 1144/1670/311 1134/1660/204
f 1220/1746/317 1224/1750/312 1134/1660/204
f 1192/1718/318 1196/1722/313 1134/1660/204
f 1164/1690/319 1168/1694/314 1134/1660/204
f 1244/1770/320 1248/1774/315 1134/1660/204
f 1135/1661/321 1140/1666/316 1134/1660/204
f 1216/1742/322 1220/1746/317 1134/1660/204
f 1188/1714/323 1192/1718/318 1134/1660/204
f 1160/1686/324 1164/1690/319 1134/1660/204
f 1240/1766/325 1244/1770/320 1134/1660/204
f 1212/1738/326 1216/1742/322 1134/1660/204
f 1184/1710/327 1188/1714/323 1134/1660/204
f 1156/1682/328 1160/1686/324 1134/1660/204
f 1236/1762/329 1240/1766/325 1134/1660/204
f 1208/1734/330 1212/1738/326 1134/1660/204
f 1180/1706/331 1184/1710/327 1134/1660/204
f 1260/1786/332 1135/1661/321 1134/1660/204
f 1152/1678/203 1156/1682/328 1134/1660/204
f 1232/1758/304 1236/1762/329 1134/1660/204
f 1204/1730/306 1208/1734/330 1134/1660/204
f 1176/1702/308 1180/1706/331 1134/1660/204
f 1256/1782/310 1260/1786/332 1134/1660/204
f 818/1278/173 816/1276/172 1007/1533/565 1015/1541/334
f 820/1280/174 818/1278/173 1015/1541/334 1019/1545/335
f 876/1336/205 874/1334/201 1127/1653/336 1131/1657/337
f 874/1334/201 872/1332/200 1123/1649/338 1127/1653/336
f 872/1332/200 870/1330/199 1119/1645/339 1123/1649/338
f 870/1330/199 868/1328/198 1115/1641/340 1119/1645/339
f 868/1328/198 866/1326/197 1111/1637/341 1115/1641/340
f 866/1326/197 864/1324/196 1107/1633/342 1111/1637/341
f 864/1324/196 862/1322/195 1103/1629/343 1107/1633/342
f 862/1322/195 860/1320/194 1099/1625/344 1103/1629/343
f 860/1320/194 858/1318/193 1095/1621/345 1099/1625/344
f 858/1318/193 856/1316/192 1091/1617/346 1095/1621/345
f 856/1316/192 854/1314/191 1087/1613/347 1091/1617/346
f 854/1314/191 852/1312/190 1083/1609/348 1087/1613/347
f 852/1312/190 850/1310/189 1079/1605/349 1083/1609/348
f 850/1310/189 848/1308/188 1075/1601/350 1079/1605/349
f 848/1308/188 846/1306/187 1071/1597/351 1075/1601/350
f 846/1306/187 844/1304/186 1067/1593/352 1071/1597/351
f 844/1304/186 842/1302/185 1063/1589/353 1067/1593/352
f 842/1302/185 840/1300/184 1059/1585/354 1063/1589/353
f 840/1300/184 838/1298/183 1055/1581/355 1059/1585/354
f 838/1298/183 836/1296/182 1051/1577/356 1055/1581/355
f 836/1296/182 834/1294/181 1047/1573/357 1051/1577/356
f 834/1294/181 832/1292/180 1043/1569/566 1047/1573/357
f 832/1292/180 830/1290/179 1039/1565/359 1043/1569/566
f 830/1290/179 828/1288/178 1035/1561/360 1039/1565/359
f 828/1288/178 826/1286/177 1031/1557/361 1035/1561/360
f 826/1286/177 824/1284/176 1027/1553/362 1031/1557/361
f 824/1284/176 822/1282/175 1023/1549/363 1027/1553/362
f 822/1282/175 820/1280/174 1019/1545/335 1023/1549/363
f 814/1274/171 876/1336/205 1131/1657/337 1010/1536/364
f 1007/1533/565 1010/1536/364 1012/1538/365 1009/1535/366
f 1009/1535/366 1012/1538/367 1013/1539/368 1008/1534/369
f 1008/1534/369 1013/1539/368 1011/1537/285 1006/1532/280
f 1015/1541/334 1007/1533/565 1009/1535/366 1017/1543/370
f 1017/1543/370 1009/1535/366 1008/1534/369 1016/1542/371
f 1016/1542/371 1008/1534/369 1006/1532/280 1014/1540/279
f 1019/1545/335 1015/1541/334 1017/1543/370 1021/1547/372
f 1021/1547/372 1017/1543/370 1016/1542/371 1020/1546/567
f 1020/1546/567 1016/1542/371 1014/1540/279 1018/1544/302
f 1023/1549/363 1019/1545/335 1021/1547/372 1025/1551/568
f 1025/1551/569 1021/1547/372 1020/1546/567 1024/1550/376
f 1024/1550/376 1020/1546/567 1018/1544/302 1022/1548/297
f 1027/1553/362 1023/1549/363 1025/1551/568 1029/1555/377
f 1029/1555/377 1025/1551/569 1024/1550/376 1028/1554/378
f 1028/1554/378 1024/1550/376 1022/1548/297 1026/1552/292
f 1031/1557/361 1027/1553/362 1029/1555/377 1033/1559/379
f 1033/1559/379 1029/1555/377 1028/1554/378 1032/1558/380
f 1032/1558/380 1028/1554/378 1026/1552/292 1030/1556/288
f 1035/1561/360 1031/1557/361 1033/1559/379 1037/1563/381
f 1037/1563/381 1033/1559/379 1032/1558/380 1036/1562/382
f 1036/1562/382 1032/1558/380 1030/1556/288 1034/1560/283
f 1039/1565/359 1035/1561/360 1037/1563/381 1041/1567/383
f 1041/1567/383 1037/1563/381 1036/1562/382 1040/1566/384
f 1040/1566/384 1036/1562/382 1034/1560/283 1038/1564/276
f 1043/1569/566 1039/1565/359 1041/1567/383 1045/1571/570
f 1045/1571/571 1041/1567/383 1040/1566/384 1044/1570/386
f 1044/1570/386 1040/1566/384 1038/1564/276 1042/1568/275
f 1047/1573/357 1043/1569/566 1045/1571/570 1049/1575/387
f 1049/1575/387 1045/1571/571 1044/1570/386 1048/1574/388
f 1048/1574/388 1044/1570/386 1042/1568/275 1046/1572/300
f 1051/1577/356 1047/1573/357 1049/1575/387 1053/1579/389
f 1053/1579/389 1049/1575/387 1048/1574/388 1052/1578/390
f 1052/1578/390 1048/1574/388 1046/1572/300 1050/1576/295
f 1055/1581/355 1051/1577/356 1053/1579/389 1057/1583/572
f 1057/1583/573 1053/1579/389 1052/1578/390 1056/1582/392
f 1056/1582/392 1052/1578/390 1050/1576/295 1054/1580/291
f 1059/1585/354 1055/1581/355 1057/1583/572 1061/1587/393
f 1061/1587/394 1057/1583/573 1056/1582/392 1060/1586/395
f 1060/1586/395 1056/1582/392 1054/1580/291 1058/1584/287
f 1063/1589/353 1059/1585/354 1061/1587/393 1065/1591/574
f 1065/1591/574 1061/1587/394 1060/1586/395 1064/1590/398
f 1064/1590/398 1060/1586/395 1058/1584/287 1062/1588/282
f 1067/1593/352 1063/1589/353 1065/1591/574 1069/1595/575
f 1069/1595/575 1065/1591/574 1064/1590/398 1068/1594/401
f 1068/1594/401 1064/1590/398 1062/1588/282 1066/1592/274
f 1071/1597/351 1067/1593/352 1069/1595/575 1073/1599/402
f 1073/1599/403 1069/1595/575 1068/1594/401 1072/1598/404
f 1072/1598/404 1068/1594/401 1066/1592/274 1070/1596/273
f 1075/1601/350 1071/1597/351 1073/1599/402 1077/1603/405
f 1077/1603/406 1073/1599/403 1072/1598/404 1076/1602/407
f 1076/1602/407 1072/1598/404 1070/1596/273 1074/1600/299
f 1079/1605/349 1075/1601/350 1077/1603/405 1081/1607/576
f 1081/1607/576 1077/1603/406 1076/1602/407 1080/1606/410
f 1080/1606/410 1076/1602/407 1074/1600/299 1078/1604/294
f 1083/1609/348 1079/1605/349 1081/1607/576 1085/1611/577
f 1085/1611/577 1081/1607/576 1080/1606/410 1084/1610/413
f 1084/1610/413 1080/1606/410 1078/1604/294 1082/1608/290
f 1087/1613/347 1083/1609/348 1085/1611/577 1089/1615/414
f 1089/1615/414 1085/1611/577 1084/1610/413 1088/1614/578
f 1088/1614/578 1084/1610/413 1082/1608/290 1086/1612/286
f 1091/1617/346 1087/1613/347 1089/1615/414 1093/1619/417
f 1093/1619/417 1089/1615/414 1088/1614/578 1092/1618/579
f 1092/1618/580 1088/1614/578 1086/1612/286 1090/1616/281
f 1095/1621/345 1091/1617/346 1093/1619/417 1097/1623/581
f 1097/1623/581 1093/1619/417 1092/1618/579 1096/1622/421
f 1096/1622/421 1092/1618/580 1090/1616/281 1094/1620/272
f 1099/1625/344 1095/1621/345 1097/1623/581 1101/1627/582
f 1101/1627/582 1097/1623/581 1096/1622/421 1100/1626/424
f 1100/1626/424 1096/1622/421 1094/1620/272 1098/1624/271
f 1103/1629/343 1099/1625/344 1101/1627/582 1105/1631/425
f 1105/1631/425 1101/1627/582 1100/1626/424 1104/1630/583
f 1104/1630/583 1100/1626/424 1098/1624/271 1102/1628/298
f 1107/1633/342 1103/1629/343 1105/1631/425 1109/1635/584
f 1109/1635/429 1105/1631/425 1104/1630/583 1108/1634/585
f 1108/1634/585 1104/1630/583 1102/1628/298 1106/1632/293
f 1111/1637/341 1107/1633/342 1109/1635/584 1113/1639/431
f 1113/1639/431 1109/1635/429 1108/1634/585 1112/1638/432
f 1112/1638/432 1108/1634/585 1106/1632/293 1110/1636/289
f 1115/1641/340 1111/1637/341 1113/1639/431 1117/1643/433
f 1117/1643/433 1113/1639/431 1112/1638/432 1116/1642/586
f 1116/1642/587 1112/1638/432 1110/1636/289 1114/1640/284
f 1119/1645/339 1115/1641/340 1117/1643/433 1121/1647/435
f 1121/1647/435 1117/1643/433 1116/1642/586 1120/1646/436
f 1120/1646/436 1116/1642/587 1114/1640/284 1118/1644/278
f 1123/1649/338 1119/1645/339 1121/1647/435 1125/1651/437
f 1125/1651/437 1121/1647/435 1120/1646/436 1124/1650/438
f 1124/1650/438 1120/1646/436 1118/1644/278 1122/1648/277
f 1127/1653/336 1123/1649/338 1125/1651/437 1129/1655/439
f 1129/1655/439 1125/1651/437 1124/1650/438 1128/1654/440
f 1128/1654/440 1124/1650/438 1122/1648/277 1126/1652/301
f 1131/1657/337 1127/1653/336 1129/1655/439 1133/1659/441
f 1133/1659/442 1129/1655/439 1128/1654/440 1132/1658/443
f 1132/1658/443 1128/1654/440 1126/1652/301 1130/1656/296
f 1010/1536/364 1131/1657/337 1133/1659/441 1012/1538/365
f 1012/1538/367 1133/1659/442 1132/1658/443 1013/1539/368
f 1013/1539/368 1132/1658/443 1130/1656/296 1011/1537/285
f 816/1276/172 814/1274/171 1010/1536/364 1007/1533/565
f 815/1275/172 817/1277/173 1143/1669/444 1139/1665/445
f 817/1277/173 819/1279/174 1147/1673/446 1143/1669/444
f 819/1279/174 821/1281/175 1151/1677/447 1147/1673/446
f 821/1281/175 823/1283/176 1155/1681/448 1151/1677/447
f 823/1283/176 825/1285/177 1159/1685/449 1155/1681/448
f 825/1285/177 827/1287/178 1163/1689/450 1159/1685/449
f 827/1287/178 829/1289/179 1167/1693/451 1163/1689/450
f 829/1289/179 831/1291/180 1171/1697/452 1167/1693/451
f 831/1291/180 833/1293/181 1175/1701/453 1171/1697/452
f 833/1293/181 835/1295/182 1179/1705/454 1175/1701/453
f 835/1295/182 837/1297/183 1183/1709/455 1179/1705/454
f 837/1297/183 839/1299/184 1187/1713/456 1183/1709/455
f 839/1299/184 841/1301/185 1191/1717/457 1187/1713/456
f 841/1301/185 843/1303/186 1195/1721/458 1191/1717/457
f 843/1303/186 845/1305/187 1199/1725/459 1195/1721/458
f 845/1305/187 847/1307/188 1203/1729/460 1199/1725/459
f 847/1307/188 849/1309/189 1207/1733/461 1203/1729/460
f 849/1309/189 851/1311/190 1211/1737/462 1207/1733/461
f 851/1311/190 853/1313/191 1215/1741/463 1211/1737/462
f 853/1313/191 855/1315/192 1219/1745/464 1215/1741/463
f 855/1315/192 857/1317/193 1223/1749/465 1219/1745/464
f 857/1317/193 859/1319/194 1227/1753/588 1223/1749/465
f 859/1319/194 861/1321/195 1231/1757/467 1227/1753/588
f 861/1321/195 863/1323/196 1235/1761/468 1231/1757/467
f 863/1323/196 865/1325/197 1239/1765/469 1235/1761/468
f 865/1325/197 867/1327/198 1243/1769/470 1239/1765/469
f 867/1327/198 869/1329/199 1247/1773/471 1243/1769/470
f 869/1329/199 871/1331/200 1251/1777/472 1247/1773/471
f 871/1331/200 873/1333/201 1255/1781/473 1251/1777/472
f 873/1333/201 875/1335/205 1259/1785/474 1255/1781/473
f 813/1273/171 815/1275/172 1139/1665/445 1136/1662/475
f 1136/1662/475 1139/1665/445 1141/1667/589 1138/1664/590
f 1138/1664/591 1141/1667/592 1142/1668/478 1137/1663/479
f 1137/1663/479 1142/1668/478 1140/1666/316 1135/1661/321
f 1139/1665/445 1143/1669/444 1145/1671/593 1141/1667/589
f 1141/1667/592 1145/1671/481 1146/1672/594 1142/1668/478
f 1142/1668/478 1146/1672/594 1144/1670/311 1140/1666/316
f 1143/1669/444 1147/1673/446 1149/1675/595 1145/1671/593
f 1145/1671/481 1149/1675/484 1150/1676/596 1146/1672/594
f 1146/1672/594 1150/1676/596 1148/1674/202 1144/1670/311
f 1147/1673/446 1151/1677/447 1153/1679/486 1149/1675/595
f 1149/1675/484 1153/1679/486 1154/1680/597 1150/1676/596
f 1150/1676/596 1154/1680/597 1152/1678/203 1148/1674/202
f 1151/1677/447 1155/1681/448 1157/1683/489 1153/1679/486
f 1153/1679/486 1157/1683/489 1158/1684/598 1154/1680/597
f 1154/1680/597 1158/1684/598 1156/1682/328 1152/1678/203
f 1155/1681/448 1159/1685/449 1161/1687/492 1157/1683/489
f 1157/1683/489 1161/1687/492 1162/1688/599 1158/1684/598
f 1158/1684/598 1162/1688/599 1160/1686/324 1156/1682/328
f 1159/1685/449 1163/1689/450 1165/1691/495 1161/1687/492
f 1161/1687/492 1165/1691/495 1166/1692/600 1162/1688/599
f 1162/1688/599 1166/1692/600 1164/1690/319 1160/1686/324
f 1163/1689/450 1167/1693/451 1169/1695/601 1165/1691/495
f 1165/1691/495 1169/1695/601 1170/1696/499 1166/1692/600
f 1166/1692/600 1170/1696/500 1168/1694/314 1164/1690/319
f 1167/1693/451 1171/1697/452 1173/1699/501 1169/1695/601
f 1169/1695/601 1173/1699/501 1174/1700/502 1170/1696/499
f 1170/1696/500 1174/1700/503 1172/1698/307 1168/1694/314
f 1171/1697/452 1175/1701/453 1177/1703/504 1173/1699/501
f 1173/1699/501 1177/1703/504 1178/1704/602 1174/1700/502
f 1174/1700/503 1178/1704/602 1176/1702/308 1172/1698/307
f 1175/1701/453 1179/1705/454 1181/1707/507 1177/1703/504
f 1177/1703/504 1181/1707/507 1182/1708/603 1178/1704/602
f 1178/1704/602 1182/1708/603 1180/1706/331 1176/1702/308
f 1179/1705/454 1183/1709/455 1185/1711/510 1181/1707/507
f 1181/1707/507 1185/1711/510 1186/1712/604 1182/1708/603
f 1182/1708/603 1186/1712/604 1184/1710/327 1180/1706/331
f 1183/1709/455 1187/1713/456 1189/1715/605 1185/1711/510
f 1185/1711/510 1189/1715/514 1190/1716/606 1186/1712/604
f 1186/1712/604 1190/1716/606 1188/1714/323 1184/1710/327
f 1187/1713/456 1191/1717/457 1193/1719/607 1189/1715/605
f 1189/1715/514 1193/1719/517 1194/1720/608 1190/1716/606
f 1190/1716/606 1194/1720/608 1192/1718/318 1188/1714/323
f 1191/1717/457 1195/1721/458 1197/1723/609 1193/1719/607
f 1193/1719/517 1197/1723/520 1198/1724/610 1194/1720/608
f 1194/1720/608 1198/1724/610 1196/1722/313 1192/1718/318
f 1195/1721/458 1199/1725/459 1201/1727/611 1197/1723/609
f 1197/1723/520 1201/1727/523 1202/1728/612 1198/1724/610
f 1198/1724/610 1202/1728/612 1200/1726/305 1196/1722/313
f 1199/1725/459 1203/1729/460 1205/1731/613 1201/1727/611
f 1201/1727/523 1205/1731/526 1206/1732/614 1202/1728/612
f 1202/1728/612 1206/1732/614 1204/1730/306 1200/1726/305
f 1203/1729/460 1207/1733/461 1209/1735/615 1205/1731/613
f 1205/1731/526 1209/1735/529 1210/1736/616 1206/1732/614
f 1206/1732/614 1210/1736/616 1208/1734/330 1204/1730/306
f 1207/1733/461 1211/1737/462 1213/1739/531 1209/1735/615
f 1209/1735/529 1213/1739/531 1214/1740/617 1210/1736/616
f 1210/1736/616 1214/1740/617 1212/1738/326 1208/1734/330
f 1211/1737/462 1215/1741/463 1217/1743/534 1213/1739/531
f 1213/1739/531 1217/1743/534 1218/1744/618 1214/1740/617
f 1214/1740/617 1218/1744/618 1216/1742/322 1212/1738/326
f 1215/1741/463 1219/1745/464 1221/1747/619 1217/1743/534
f 1217/1743/534 1221/1747/538 1222/1748/620 1218/1744/618
f 1218/1744/618 1222/1748/620 1220/1746/317 1216/1742/322
f 1219/1745/464 1223/1749/465 1225/1751/540 1221/1747/619
f 1221/1747/538 1225/1751/540 1226/1752/621 1222/1748/620
f 1222/1748/620 1226/1752/621 1224/1750/312 1220/1746/317
f 1223/1749/465 1227/1753/588 1229/1755/543 1225/1751/540
f 1225/1751/540 1229/1755/543 1230/1756/544 1226/1752/621
f 1226/1752/621 1230/1756/544 1228/1754/303 1224/1750/312
f 1227/1753/588 1231/1757/467 1233/1759/545 1229/1755/543
f 1229/1755/543 1233/1759/545 1234/1760/622 1230/1756/544
f 1230/1756/544 1234/1760/623 1232/1758/304 1228/1754/303
f 1231/1757/467 1235/1761/468 1237/1763/547 1233/1759/545
f 1233/1759/545 1237/1763/547 1238/1764/548 1234/1760/622
f 1234/1760/623 1238/1764/548 1236/1762/329 1232/1758/304
f 1235/1761/468 1239/1765/469 1241/1767/624 1237/1763/547
f 1237/1763/547 1241/1767/550 1242/1768/625 1238/1764/548
f 1238/1764/548 1242/1768/625 1240/1766/325 1236/1762/329
f 1239/1765/469 1243/1769/470 1245/1771/552 1241/1767/624
f 1241/1767/550 1245/1771/552 1246/1772/626 1242/1768/625
f 1242/1768/625 1246/1772/626 1244/1770/320 1240/1766/325
f 1243/1769/470 1247/1773/471 1249/1775/555 1245/1771/552
f 1245/1771/552 1249/1775/555 1250/1776/556 1246/1772/626
f 1246/1772/626 1250/1776/556 1248/1774/315 1244/1770/320
f 1247/1773/471 1251/1777/472 1253/1779/627 1249/1775/555
f 1249/1775/555 1253/1779/628 1254/1780/558 1250/1776/556
f 1250/1776/556 1254/1780/558 1252/1778/309 1248/1774/315
f 1251/1777/472 1255/1781/473 1257/1783/559 1253/1779/627
f 1253/1779/628 1257/1783/559 1258/1784/629 1254/1780/558
f 1254/1780/558 1258/1784/629 1256/1782/310 1252/1778/309
f 1255/1781/473 1259/1785/474 1261/1787/562 1257/1783/559
f 1257/1783/559 1261/1787/562 1262/1788/630 1258/1784/629
f 1258/1784/629 1262/1788/630 1260/1786/332 1256/1782/310
f 1259/1785/474 1136/1662/475 1138/1664/590 1261/1787/562
f 1261/1787/562 1138/1664/591 1137/1663/479 1262/1788/630
f 1262/1788/630 1137/1663/479 1135/1661/321 1260/1786/332
f 875/1335/205 813/1273/171 1136/1662/475 1259/1785/474
o Куб.006
v 0.218790 2.290442 -10.198181
v 0.218790 2.290444 10.149130
v 0.218790 4.219280 -10.198181
v 0.218790 4.219281 10.149130
v 0.467104 2.290442 -10.198181
v 0.467104 2.290444 10.149130
v 0.467104 4.219280 -10.198181
v 0.467104 4.219281 10.149130
v 0.218790 10.249784 -10.198179
v 0.218790 10.249785 10.149130
v 0.218790 12.178621 -10.198179
v 0.218790 12.178623 10.149130
v 0.467104 10.249784 -10.198179
v 0.467104 10.249785 10.149130
v 0.467104 12.178621 -10.198179
v 0.467104 12.178623 10.149130
v 0.218790 6.270114 -10.198179
v 0.218790 6.270115 10.149130
v 0.218790 8.198952 -10.198179
v 0.218790 8.198953 10.149130
v 0.467104 6.270114 -10.198179
v 0.467104 6.270115 10.149130
v 0.467104 8.198952 -10.198179
v 0.467104 8.198953 10.149130
vn -1.0000 -0.0000 -0.0000
vn -0.0000 1.0000 -0.0000
vn 1.0000 -0.0000 -0.0000
vn -0.0000 -1.0000 -0.0000
vn -0.0000 -0.0000 -1.0000
vn -0.0000 -0.0000 1.0000
vt 0.660191 0.893131
vt 0.660191 0.392761
vt 0.565325 0.384551
vt 0.660191 0.392761
vt 0.660191 0.893131
vt 0.565325 0.902929
vt 0.612758 0.893131
vt 0.552924 0.893131
vt 0.612758 0.384551
vt 0.612758 0.392761
vt 0.552924 0.392761
vt 0.612758 0.902929
vt 0.612758 0.893131
vt 0.668831 0.392761
vt 0.565325 0.392761
vt 0.612758 0.392761
vt 0.668831 0.893131
vt 0.565325 0.893131
vt 0.565325 0.893131
vt 0.612758 0.392761
vt 0.565325 0.392761
vt 0.612758 0.893131
vt 0.402517 0.893131
vt 0.402517 0.392761
vt 0.307651 0.384551
vt 0.402516 0.392761
vt 0.402517 0.893131
vt 0.307651 0.902929
vt 0.355084 0.893131
vt 0.295249 0.893131
vt 0.355084 0.384551
vt 0.355084 0.392761
vt 0.295249 0.392761
vt 0.355084 0.902929
vt 0.355084 0.893131
vt 0.411156 0.392761
vt 0.307651 0.392761
vt 0.355084 0.392761
vt 0.411157 0.893131
vt 0.307651 0.893131
vt 0.307651 0.893131
vt 0.355084 0.392761
vt 0.307651 0.392761
vt 0.355084 0.893131
vt 0.530414 0.893131
vt 0.530413 0.392761
vt 0.435547 0.384551
vt 0.530413 0.392761
vt 0.530414 0.893131
vt 0.435548 0.902929
vt 0.482981 0.893131
vt 0.423146 0.893131
vt 0.482980 0.384551
vt 0.482980 0.392761
vt 0.423146 0.392761
vt 0.482981 0.902929
vt 0.482980 0.893131
vt 0.539053 0.392761
vt 0.435547 0.392761
vt 0.482980 0.392761
vt 0.539054 0.893131
vt 0.435548 0.893131
vt 0.435548 0.893131
vt 0.482980 0.392761
vt 0.435547 0.392761
vt 0.482981 0.893131
s 0
usemtl Материал
f 1263/1789/631 1264/1792/631 1266/1798/631 1265/1795/631
f 1265/1796/632 1266/1799/632 1270/1809/632 1269/1807/632
f 1269/1807/633 1270/1809/633 1268/1804/633 1267/1801/633
f 1267/1802/634 1268/1805/634 1264/1793/634 1263/1790/634
f 1265/1797/635 1269/1808/635 1267/1803/635 1263/1791/635
f 1270/1810/636 1266/1800/636 1264/1794/636 1268/1806/636
f 1271/1811/631 1272/1814/631 1274/1820/631 1273/1817/631
f 1273/1818/632 1274/1821/632 1278/1831/632 1277/1829/632
f 1277/1829/633 1278/1831/633 1276/1826/633 1275/1823/633
f 1275/1824/634 1276/1827/634 1272/1815/634 1271/1812/634
f 1273/1819/635 1277/1830/635 1275/1825/635 1271/1813/635
f 1278/1832/636 1274/1822/636 1272/1816/636 1276/1828/636
f 1279/1833/631 1280/1836/631 1282/1842/631 1281/1839/631
f 1281/1840/632 1282/1843/632 1286/1853/632 1285/1851/632
f 1285/1851/633 1286/1853/633 1284/1848/633 1283/1845/633
f 1283/1846/634 1284/1849/634 1280/1837/634 1279/1834/634
f 1281/1841/635 1285/1852/635 1283/1847/635 1279/1835/635
f 1286/1854/636 1282/1844/636 1280/1838/636 1284/1850/636
